Product,Total_Revenue,Total_Quantity,Total_Invoices,Avg_UnitPrice
 4 PURPLE FLOCK DINNER CANDLES,285.7,142,38,2.45051282051282
 50'S CHRISTMAS GIFT BAG LARGE,2343.63,1915,129,1.4265891472868217
 DOLLY GIRL BEAKER,2886.25,2451,174,1.5064204545454545
 I LOVE LONDON MINI BACKPACK,1624.02,388,86,4.616666666666667
 I LOVE LONDON MINI RUCKSACK,4.15,1,1,4.15
 NINE DRAWER OFFICE TIDY,894.42,58,33,16.09060606060606
 OVAL WALL MIRROR DIAMANTE ,2391.12,236,156,10.774935897435897
 RED SPOT GIFT BAG LARGE,2089.92,1713,103,1.3771844660194175
 SET 2 TEA TOWELS I LOVE LONDON ,8082.05,2783,269,3.557846715328467
 SPACEBOY BABY GIFT SET,7741.749999999999,498,184,15.913423913043477
 TOADSTOOL BEDSIDE LIGHT ,17.9,2,1,8.95
 TRELLIS COAT RACK,1118.6100000000001,227,56,5.844035087719298
*Boombox Ipod Classic,16.98,1,1,16.98
*USB Office Mirror Ball,16.94,2,2,8.47
10 COLOUR SPACEBOY PEN,5585.45,6564,318,1.0559561128526644
12 COLOURED PARTY BALLOONS,1398.51,2134,163,0.7042771084337349
12 DAISY PEGS IN WOOD BOX,592.6199999999999,344,77,1.9166666666666667
12 EGG HOUSE PAINTED WOOD,2378.52,149,99,17.214646464646464
12 HANGING EGGS HAND PAINTED,83.2,40,7,2.08
12 IVORY ROSE PEG PLACE SETTINGS,1478.1,969,148,1.7138926174496645
12 MESSAGE CARDS WITH ENVELOPES,2947.87,1733,251,2.0496899224806198
12 PENCIL SMALL TUBE WOODLAND,3210.27,4497,355,0.7885479452054794
12 PENCILS SMALL TUBE RED RETROSPOT,4383.27,6633,362,0.7378688524590163
12 PENCILS SMALL TUBE SKULL,4527.43,6976,355,0.7523415977961433
12 PENCILS TALL TUBE POSY,1166.07,3785,170,0.38602272727272724
12 PENCILS TALL TUBE RED RETROSPOT,2374.81,2737,268,0.9340072202166064
12 PENCILS TALL TUBE SKULLS,1880.6699999999998,2151,256,0.957104247104247
12 PENCILS TALL TUBE WOODLAND,1740.57,1974,249,0.96316
12 PINK HEN+CHICKS IN BASKET,104.55,41,14,2.55
12 PINK ROSE PEG PLACE SETTINGS,267.5,214,21,1.25
12 RED ROSE PEG PLACE SETTINGS,630.92,449,105,1.5815315315315317
15 PINK FLUFFY CHICKS IN BOX,29.5,10,7,2.95
15CM CHRISTMAS GLASS BALL 20 LIGHTS,10910.61,1359,261,9.306958174904944
16 PC CUTLERY SET PANTRY DESIGN,63.8,4,1,15.95
16 PIECE CUTLERY SET PANTRY DESIGN,3785.06,254,69,17.16623188405797
18PC WOODEN CUTLERY SET DISPOSABLE,751.38,567,43,1.751627906976744
2 DAISIES HAIR COMB,52.56,18,12,2.9091666666666662
2 PICTURE BOOK EGGS EASTER BUNNY,256.54,182,36,1.8213888888888887
2 PICTURE BOOK EGGS EASTER CHICKS,222.22,171,25,1.492
2 PICTURE BOOK EGGS EASTER DUCKS,165.89,124,25,1.6856
20 DOLLY PEGS RETROSPOT,3251.6,2448,222,1.569642857142857
200 BENDY SKULL STRAWS,742.37,660,55,1.3725454545454545
200 RED + WHITE BENDY STRAWS,1218.93,916,172,1.4587861271676301
3 BIRDS CANVAS SCREEN,2.04,2,2,1.02
3 BLACK CATS W HEARTS BLANK CARD,4.5600000000000005,24,3,0.19000000000000003
3 DRAWER ANTIQUE WHITE WOOD CABINET,6457.94,734,202,9.293529411764705
3 GARDENIA MORRIS BOXED CANDLES,936.27,501,77,2.9699999999999998
3 HEARTS HANGING DECORATION RUSTIC,11797.380000000001,3413,303,3.352964169381108
3 HOOK HANGER MAGIC GARDEN,3276.2099999999996,1703,159,2.8271249999999997
3 HOOK PHOTO SHELF ANTIQUE WHITE,13611.81,1794,382,10.020785340314136
3 PIECE SPACEBOY COOKIE CUTTER SET,5472.6900000000005,2624,378,2.5305774278215223
3 PINK HEN+CHICKS IN BASKET,15.0,12,6,1.25
3 RAFFIA RIBBONS 50'S CHRISTMAS ,1884.17,2095,199,0.8802
3 RAFFIA RIBBONS VINTAGE CHRISTMAS,732.4200000000001,824,99,0.8976767676767677
3 ROSE MORRIS BOXED CANDLES,1800.0,1129,158,2.2984848484848484
3 STRIPEY MICE FELTCRAFT,5907.84,3021,468,2.2756779661016946
3 TIER CAKE TIN GREEN AND CREAM,6981.67,445,201,18.59910891089109
3 TIER CAKE TIN RED AND CREAM,9765.11,689,168,17.272142857142857
3 TIER SWEETHEART GARDEN SHELF,1938.2500000000002,55,43,35.67093023255814
3 TRADITIONAL COOKIE CUTTERS  SET,304.20000000000005,162,4,2.0375
3 TRADITIONAl BISCUIT CUTTERS  SET,2606.4100000000003,1209,232,2.3547210300429184
3 WHITE CHOC MORRIS BOXED CANDLES,1637.07,946,121,2.765934959349593
3 WICK CHRISTMAS BRIAR CANDLE ,15.97,3,2,6.11
36 DOILIES DOLLY GIRL,1347.8899999999999,911,90,1.7153333333333334
36 DOILIES VINTAGE CHRISTMAS,7060.28,5171,177,1.5787570621468927
36 FOIL HEART CAKE CASES,3983.3900000000003,2050,198,2.225273631840796
36 FOIL STAR CAKE CASES ,2053.3500000000004,1040,134,2.3133823529411766
36 PENCILS TUBE POSY,76.91,79,20,1.061
36 PENCILS TUBE RED RETROSPOT,4723.7300000000005,3734,325,1.5887384615384617
36 PENCILS TUBE SKULLS,2395.05,1795,263,1.6181954887218044
36 PENCILS TUBE WOODLAND,2328.64,1739,185,1.5118279569892472
3D CHRISTMAS STAMPS STICKERS ,1536.24,1172,143,1.5102083333333334
3D DOG PICTURE PLAYING CARDS,1016.72,338,86,3.274137931034483
3D HEARTS  HONEYCOMB PAPER GARLAND,1021.9000000000001,326,50,3.834705882352941
3D SHEET OF CAT STICKERS,255.61999999999998,260,75,1.1855263157894735
3D SHEET OF DOG STICKERS,423.99,426,116,1.2454310344827586
3D TRADITIONAL CHRISTMAS STICKERS,2095.08,1583,197,1.5160696517412937
3D VINTAGE CHRISTMAS STICKERS ,2162.75,1645,188,1.5677894736842104
4 BLUE DINNER CANDLES SILVER FLOCK,226.67,87,31,2.7054838709677416
4 BURGUNDY WINE DINNER CANDLES,57.46,45,13,1.343076923076923
4 GOLD FLOCK CHRISTMAS BALLS,6.72,2,1,3.36
4 IVORY DINNER CANDLES SILVER FLOCK,1205.64,538,136,2.5973381294964026
4 LAVENDER BOTANICAL DINNER CANDLES,1347.92,891,135,2.023623188405797
4 LILY  BOTANICAL DINNER CANDLES,1009.26,525,102,2.438653846153846
4 PEAR BOTANICAL DINNER CANDLES,1288.34,822,138,1.964507042253521
4 PINK DINNER CANDLE SILVER FLOCK,259.71999999999997,130,35,2.642857142857143
4 PINK FLOCK CHRISTMAS BALLS,88.47,49,22,2.2954545454545454
4 ROSE PINK DINNER CANDLES,276.59,184,44,2.071818181818182
4 SKY BLUE DINNER CANDLES,297.91,150,62,2.209516129032258
4 TRADITIONAL SPINNING TOPS,6782.21,4889,483,1.6602857142857141
4 VANILLA BOTANICAL CANDLES,1476.4,974,164,1.9874545454545456
4 WILDFLOWER BOTANICAL CANDLES,768.37,404,91,2.4651546391752577
5 HOOK HANGER MAGIC TOADSTOOL,994.3799999999999,640,34,1.9782352941176469
5 HOOK HANGER RED MAGIC TOADSTOOL,4751.639999999999,3098,131,1.9261654135338346
5 STRAND GLASS NECKLACE AMBER,37.620000000000005,6,6,6.2700000000000005
5 STRAND GLASS NECKLACE AMETHYST,56.59,9,8,6.28
5 STRAND GLASS NECKLACE BLACK,69.63,11,6,6.3133333333333335
5 STRAND GLASS NECKLACE CRYSTAL,120.28999999999999,19,10,6.32
50'S CHRISTMAS PAPER GIFT BAG,1100.6899999999998,1342,103,0.9369902912621358
50CM METAL STRING WITH  7 CLIPS,171.79,225,23,1.0608695652173912
6 CHOCOLATE LOVE HEART T-LIGHTS,2171.26,1061,142,2.542191780821918
6 EGG HOUSE PAINTED WOOD,2726.43,299,155,9.944580645161292
6 GIFT TAGS 50'S CHRISTMAS ,3429.3999999999996,3740,322,0.9722121212121212
6 GIFT TAGS VINTAGE CHRISTMAS ,3510.0499999999997,4007,327,0.9988519637462235
6 RIBBONS ELEGANT CHRISTMAS ,2489.0299999999997,1773,200,1.774009900990099
6 RIBBONS EMPIRE  ,1667.8799999999999,1259,225,1.611858407079646
6 RIBBONS RUSTIC CHARM,17186.62,9172,955,2.211237113402062
6 RIBBONS SHIMMERING PINKS ,1239.6699999999998,1402,199,1.40095
6 ROCKET BALLOONS ,1293.22,1898,197,0.7724875621890548
60 CAKE CASES DOLLY GIRL DESIGN,3990.2000000000003,7481,437,0.6748868778280543
60 CAKE CASES VINTAGE CHRISTMAS,9498.87,16032,618,0.7650158227848102
60 GOLD AND SILVER FAIRY CAKE CASES,1.1,2,2,0.55
60 TEATIME FAIRY CAKE CASES,9169.970000000001,18189,828,0.689585308056872
6PC WOOD PLATE SET DISPOSABLE,574.88,459,38,1.9131578947368422
70'S ALPHABET WALL ART,1043.1,150,15,7.986
72 CAKE CASES VINTAGE CHRISTMAS,13.200000000000001,24,1,0.55
72 SWEETHEART FAIRY CAKE CASES,6532.780000000001,13319,615,0.6851746031746032
75 BLACK PETIT FOUR CASES,24.36,58,18,0.42
75 GREEN FAIRY CAKE CASES,102.36,69,42,1.4642857142857142
75 GREEN PETIT FOUR CASES,186.25,375,74,0.6477027027027027
A PRETTY THANK YOU CARD,194.58,456,35,0.5208333333333334
A4 WALL TIDY BLUE OFFICE,80.96000000000001,127,12,1.0875000000000001
A4 WALL TIDY RED FLOWERS,7.37,13,4,0.56
ABC TREASURE BOOK BOX ,4693.08,2165,226,2.663215859030837
ABSTRACT CIRCLE JOURNAL ,447.25,184,72,2.4995833333333333
ABSTRACT CIRCLES POCKET BOOK,135.15,159,42,0.85
ABSTRACT CIRCLES SKETCHBOOK ,603.3100000000001,142,76,4.66961038961039
ACRYLIC GEOMETRIC LAMP,568.65,35,20,17.94857142857143
"ACRYLIC HANGING JEWEL,BLUE",106.05,268,24,0.5359259259259259
"ACRYLIC HANGING JEWEL,PINK",66.55,95,7,0.5042857142857143
"ACRYLIC JEWEL ANGEL,PINK",29.64,78,2,0.38
"ACRYLIC JEWEL ICICLE, BLUE",11.780000000000001,31,3,0.38000000000000006
"ACRYLIC JEWEL ICICLE, PINK",105.83,263,19,0.69
"ACRYLIC JEWEL SNOWFLAKE, PINK",63.28000000000001,162,5,0.724
"ACRYLIC JEWEL SNOWFLAKE,PINK",15.299999999999999,6,1,2.55
ADULT APRON APPLE DELIGHT,945.88,184,45,6.362
ADVENT CALENDAR GINGHAM SACK,6848.1900000000005,1311,246,5.728536585365854
AFGHAN SLIPPER SOCK PAIR,1690.5500000000002,519,22,3.4272727272727277
AGED GLASS SILVER T-LIGHT HOLDER,6859.27,10535,340,0.8200289017341041
AIRLINE BAG VINTAGE JET SET BROWN,1626.54,346,167,5.227005988023952
AIRLINE BAG VINTAGE JET SET RED,2427.52,546,223,4.770178571428572
AIRLINE BAG VINTAGE JET SET WHITE,1133.2,252,122,4.723548387096774
AIRLINE BAG VINTAGE TOKYO 78,5072.32,1086,392,5.208936708860759
AIRLINE BAG VINTAGE WORLD CHAMPION ,1289.49,279,147,5.0018918918918915
"AIRLINE LOUNGE,METAL SIGN",1408.07,711,291,2.007216494845361
ALARM CLOCK BAKELIKE CHOCOLATE,8153.6,1980,428,4.783640552995392
ALARM CLOCK BAKELIKE GREEN,27155.28,6419,980,4.54201213346815
ALARM CLOCK BAKELIKE IVORY,11453.4,2885,570,4.418076923076923
ALARM CLOCK BAKELIKE ORANGE,9068.95,2323,445,4.514446902654867
ALARM CLOCK BAKELIKE PINK,20672.15,5356,783,4.579835651074589
ALARM CLOCK BAKELIKE RED ,30644.87,7800,1051,4.396880301602262
ALPHABET HEARTS STICKER SHEET,350.08,397,59,1.0294915254237287
ALPHABET STENCIL CRAFT,3057.27,2697,186,1.3571505376344086
ALUMINIUM HEART,74.7,30,6,2.49
ALUMINIUM STAMPED HEART,1892.2300000000002,779,130,2.589848484848485
AMAZON FEE,13761.09,2,2,6880.545
AMBER 3 BEAD DROP EARRINGS,23.2,8,8,2.9
AMBER BERTIE GLASS BEAD BAG CHARM,21.05,11,10,1.9419999999999997
AMBER BERTIE MOBILE PHONE CHARM,6.58,2,1,3.29
AMBER CHUNKY BEAD BRACELET W STRAP,117.73,13,9,9.103333333333332
AMBER CHUNKY GLASS+BEAD NECKLACE,95.25,8,8,11.90625
AMBER CRYSTAL DROP EARRINGS,8.76,3,3,2.92
AMBER DIAMANTE EXPANDABLE RING,131.03,31,13,4.202307692307692
AMBER DROP EARRINGS W LONG BEADS,117.24000000000001,40,23,2.9213043478260867
AMBER FINE BEAD NECKLACE W TASSEL,35.31,6,5,5.872
AMBER GLASS TASSLE BAG CHARM,33.440000000000005,14,7,2.0157142857142856
AMBER GLASS/SHELL/PEARL NECKLACE,64.04,7,7,9.14857142857143
AMBER GLASS/SILVER BRACELET,227.89,25,16,9.098125
AMETHYST 3 BEAD DROP EARRINGS,14.5,5,5,2.9
AMETHYST CHUNKY BEAD BRACELET W STR,297.94,33,21,9.054285714285713
AMETHYST DIAMANTE EXPANDABLE RING,97.02,23,12,4.19
AMETHYST DROP EARRINGS W LONG BEADS,61.08,21,17,2.9105882352941173
AMETHYST GLASS/SHELL/PEARL NECKLACE,137.63,15,14,9.177142857142858
AMETHYST HOOP EARRING FLORAL LEAF,32.16,11,9,2.9233333333333333
ANGEL DECORATION 3 BUTTONS ,1636.67,3745,162,0.5443373493975904
ANGEL DECORATION PAINTED ZINC ,574.5400000000001,912,77,0.7082051282051283
ANGEL DECORATION STARS ON DRESS,1109.05,2593,131,0.5472058823529412
ANGEL DECORATION WITH LACE PADDED,180.2,212,11,0.85
ANIMAL STICKERS,367.29,1749,46,0.21
ANIMALS AND NATURE WALL ART,923.97,267,17,3.6958823529411764
ANT COPPER LIME BOUDICCA BRACELET,412.74,83,50,4.986000000000001
ANT COPPER PINK BOUDICCA BRACELET,318.89000000000004,64,34,4.997941176470588
ANT COPPER RED BOUDICCA BRACELET,119.91000000000001,24,21,5.002857142857143
ANT COPPER TURQ BOUDICCA BRACELET,377.88,76,37,4.984594594594594
ANT SILVER FUSCHIA BOUDICCA RING,41.300000000000004,14,7,2.95
ANT SILVER LIME GREEN BOUDICCA RING,79.65,27,10,2.95
ANT SILVER PURPLE BOUDICCA RING,29.500000000000004,10,5,2.95
ANT SILVER TURQUOISE BOUDICCA RING,17.700000000000003,6,1,2.95
ANT WHITE WIRE HEART SPIRAL,1519.63,339,104,5.688076923076922
ANTIQUE ALL GLASS CANDLESTICK,2614.05,1169,199,2.3111940298507463
ANTIQUE CREAM CUTLERY CUPBOARD,530.19,50,36,11.344722222222224
ANTIQUE CREAM CUTLERY SHELF ,254.98000000000002,29,19,8.946315789473683
ANTIQUE GLASS DRESSING TABLE POT,5561.3,1798,267,3.781310861423221
ANTIQUE GLASS HEART DECORATION ,707.23,327,36,2.474736842105263
ANTIQUE GLASS PEDESTAL BOWL,4203.89,1027,220,4.729107142857143
ANTIQUE GLASS PLACE SETTING,152.5,122,8,1.25
ANTIQUE HEART SHELF UNIT,4145.47,275,74,17.8127027027027
ANTIQUE IVORY WIRE BOWL SMALL,251.45000000000002,99,21,2.7252380952380952
ANTIQUE MID BLUE FLOWER EARRINGS,21.15,5,3,4.216666666666667
ANTIQUE OLIVE GREEN FLOWER EARRINGS,29.73,7,5,4.246
ANTIQUE OPAL WHITE FLOWER EARRINGS,21.130000000000003,5,5,4.226000000000001
ANTIQUE RASPBERRY FLOWER EARRINGS,20.950000000000003,5,4,4.175000000000001
ANTIQUE SILVER BAUBLE LAMP  ,3583.23,376,78,10.834999999999999
ANTIQUE SILVER BOOK MARK WITH BEADS,14.11,17,3,0.83
ANTIQUE SILVER T-LIGHT GLASS,19381.62,14664,689,1.5028468208092487
ANTIQUE SILVER TEA GLASS ENGRAVED,10229.77,8652,347,1.471534090909091
ANTIQUE SILVER TEA GLASS ETCHED,6461.76,4545,216,1.6190909090909091
ANTIQUE TALL SWIRLGLASS TRINKET POT,3560.74,870,203,4.955615763546798
APOTHECARY MEASURING JAR,826.28,67,22,12.759545454545453
APPLE BATH SPONGE,1911.17,1336,229,1.8230172413793104
APRON APPLE DELIGHT,1446.79,285,80,5.82925
APRON MODERN VINTAGE COTTON,1139.86,492,90,2.9795555555555553
AQUA BERTIE GLASS BEAD BAG CHARM,48.06,30,12,2.0741666666666667
AREA PATROLLED METAL SIGN,8858.79,4365,437,2.3959453302961276
ARMY CAMO BOOKCOVER TAPE,7.14,17,4,0.42
"ART LIGHTS,FUNK MONKEY",1037.54,370,62,3.553809523809524
ASS COL CIRCLE MOBILE ,173.15999999999997,474,6,0.4114285714285714
ASS COL LARGE SAND FROG P'WEIGHT,28.35,27,7,1.05
ASS COL SMALL SAND GECKO P'WEIGHT,11.34,27,9,0.42
ASS COLOUR GLOWING TIARAS,215.21,281,25,0.8719230769230768
ASS DES PHONE SPONGE CRAFT STICKER,153.09,509,14,0.465
ASS FLORAL PRINT MULTI SCREWDRIVER,1254.1200000000001,2734,163,0.5077976190476191
ASS FLORAL PRINT SPIRIT LEVEL ,110.86,100,37,1.4994999999999998
ASSORTED BOTTLE TOP  MAGNETS ,1406.42,3152,184,1.1675135135135135
ASSORTED CAKES FRIDGE MAGNETS,35.75,55,8,0.65
ASSORTED CHEESE FRIDGE MAGNETS,180.71,223,18,0.9811111111111112
ASSORTED CIRCULAR MOBILE,154.77,693,33,0.4285294117647059
ASSORTED COLOUR BIRD ORNAMENT,58927.62,36362,1455,1.7225745257452574
ASSORTED COLOUR LIZARD SUCTION HOOK,393.0,994,55,0.4160655737704918
ASSORTED COLOUR METAL CAT ,138.75,111,25,1.25
ASSORTED COLOUR MINI CASES,12550.57,1762,383,8.065298701298701
ASSORTED COLOUR SILK GLASSES CASE,6.300000000000001,3,1,2.1
ASSORTED COLOUR SUCTION CUP HOOK,37.24,196,13,0.19
ASSORTED COLOUR T-LIGHT HOLDER,2297.03,3619,120,0.8163636363636364
ASSORTED COLOURED CIRCLE MOBILE ,26.88,64,7,0.42
ASSORTED COLOURS SILK FAN,18569.84,23826,518,1.0677649325626204
ASSORTED CREEPY CRAWLIES,1107.07,2621,99,0.46950495049504953
ASSORTED EASTER DECORATIONS  BELLS,729.57,569,27,3.9481481481481477
ASSORTED EASTER GIFT TAGS,965.8599999999999,1145,61,1.338360655737705
ASSORTED FARMYARD ANIMALS IN BUCKET,74.58,90,9,1.0866666666666667
"ASSORTED FLOWER COLOUR ""LEIS""",4934.87,10315,111,0.8927927927927929
ASSORTED INCENSE PACK,760.3199999999999,4032,27,0.20259259259259257
ASSORTED LAQUERED INCENSE HOLDERS,455.9800000000001,2545,24,0.3025
ASSORTED MINI MADRAS NOTEBOOK,481.95,976,28,0.8446428571428571
ASSORTED MONKEY SUCTION CUP HOOK,246.18,617,45,0.41625
ASSORTED SANSKRIT MINI NOTEBOOK,136.25,109,6,1.25
ASSORTED SHAPES PHOTO CLIP SILVER ,238.60999999999999,469,12,0.635625
ASSORTED TUTTI FRUTTI  FOB NOTEBOOK,633.8299999999999,650,78,1.138452380952381
ASSORTED TUTTI FRUTTI BRACELET,692.85,2550,132,0.5017985611510791
ASSORTED TUTTI FRUTTI HEART BOX,268.75,215,32,1.25
ASSORTED TUTTI FRUTTI KEYRING BALL,451.59,1153,49,1.0971428571428572
ASSORTED TUTTI FRUTTI LARGE PURSE,224.70000000000002,107,25,2.1
ASSORTED TUTTI FRUTTI MIRROR,743.31,550,60,1.8401666666666665
ASSORTED TUTTI FRUTTI NOTEBOOK,547.76,247,40,2.56675
ASSORTED TUTTI FRUTTI PEN,830.7299999999999,2471,101,0.4958252427184466
ASSORTED TUTTI FRUTTI SMALL PURSE,982.79,729,66,1.878939393939394
ASSTD COL BUTTERFLY/CRYSTAL W/CHIME,218.87,459,13,1.3415384615384613
ASSTD DESIGN 3D PAPER STICKERS,389.38,1162,31,0.5578787878787879
ASSTD DESIGN BUBBLE GUM RING,3.5700000000000003,17,4,0.21
ASSTD DESIGN RACING CAR PEN,2389.44,1615,113,1.89
ASSTD FRUIT+FLOWERS FRIDGE MAGNETS,637.5600000000001,2412,65,0.2896923076923077
ASSTD MULTICOLOUR CIRCLES MUG,840.0799999999999,1578,81,1.6527710843373495
ASSTD RASTA KEY-CHAINS,3.7800000000000002,9,3,0.42
Adjust bad debt,11062.06,1,1,11062.06
BABUSHKA LIGHTS STRING OF 10,3633.17,517,153,8.304117647058824
BABY BOOM RIBBONS ,477.34,378,88,1.2898901098901099
BABY MOUSE RED GINGHAM DRESS,310.25,73,21,4.25
BAG 125g SWIRLY MARBLES,3528.89,9390,294,0.495738255033557
BAG 250g SWIRLY MARBLES,4039.2799999999997,5144,248,1.0033734939759036
BAG 500g SWIRLY MARBLES,1462.1699999999998,1459,141,1.8397902097902097
BAG OF SILVER STONES,89.52999999999999,130,13,0.6746153846153846
BAKING MOULD CHOCOLATE CUP CAKES,30.599999999999998,12,2,2.55
BAKING MOULD CHOCOLATE CUPCAKES,2502.04,948,157,2.928509316770186
BAKING MOULD CUPCAKE CHOCOLATE,30.599999999999998,12,1,2.55
BAKING MOULD EASTER EGG MILK CHOC,2585.92,940,122,3.48869918699187
BAKING MOULD EASTER EGG WHITE CHOC,1707.47,589,78,3.2253846153846157
BAKING MOULD HEART MILK CHOCOLATE,2846.8,1108,189,3.073350785340314
BAKING MOULD HEART WHITE CHOCOLATE,1963.3,813,129,2.8299999999999996
BAKING MOULD ROSE MILK CHOCOLATE,2066.82,690,65,3.8047692307692307
BAKING MOULD ROSE WHITE CHOCOLATE,895.97,279,50,4.326153846153846
BAKING MOULD TOFFEE CUP  CHOCOLATE,15.299999999999999,6,1,2.55
BAKING MOULD TOFFEE CUP CHOCOLATE,1985.5800000000002,878,71,2.7107042253521123
BAKING SET 9 PIECE RETROSPOT ,24185.27,4937,934,5.353144989339019
BAKING SET SPACEBOY DESIGN,10745.050000000001,2209,464,5.468758029978586
BALLOON ART MAKE YOUR OWN FLOWERS,1034.9,1009,98,1.7488
BALLOON PUMP WITH 10 BALLOONS,1570.41,793,124,2.126451612903226
BALLOON WATER BOMB PACK OF 35,2375.04,6010,154,0.4556050955414013
BALLOONS  WRITING SET ,2410.43,1337,346,2.2488218390804597
BANK ACCOUNT  GREETING  CARD ,132.44,318,38,0.47526315789473683
BANQUET BIRTHDAY  CARD  ,712.08,1644,160,0.57325
BAROQUE BUTTERFLY EARRINGS BLACK,7.5,2,2,3.75
BAROQUE BUTTERFLY EARRINGS CRYSTAL,14.96,4,4,3.74
BAROQUE BUTTERFLY EARRINGS MONTANA,3.73,1,1,3.73
BAROQUE BUTTERFLY EARRINGS PINK,11.19,3,3,3.73
BAROQUE BUTTERFLY EARRINGS RED,3.73,1,1,3.73
BASKET OF FLOWERS SEWING KIT,644.2099999999999,812,63,1.04
BASKET OF TOADSTOOLS,1767.15,1430,130,1.5737404580152672
BATH BUILDING BLOCK WORD,5006.26,809,270,6.620036900369003
BATHROOM HOOK,157.5,146,27,1.5964285714285713
BATHROOM METAL SIGN,3473.21,5881,631,0.8306466876971609
BATHROOM METAL SIGN ,613.14,438,73,1.7678082191780824
BATHROOM SCALES FOOTPRINTS IN SAND,172.05,51,20,3.6700000000000004
BATHROOM SCALES RUBBER DUCKS,146.85,43,21,3.673809523809524
"BATHROOM SCALES, TROPICAL BEACH",67.5,18,12,3.75
BATHROOM SET LOVE HEART DESIGN,237.98000000000002,82,14,3.1242857142857146
BEACH HUT DESIGN BLACKBOARD,203.07,41,15,6.171333333333333
BEACH HUT KEY CABINET,177.33,34,21,5.938571428571429
BEACH HUT MIRROR,66.39,49,8,2.9525
BEACH HUT SHELF W 3 DRAWERS,504.43,81,31,7.804193548387097
BEADED CHANDELIER T-LIGHT HOLDER,1420.97,695,38,4.771578947368421
BEADED CRYSTAL HEART BLUE  LARGE,437.22,482,46,1.077659574468085
BEADED CRYSTAL HEART BLUE ON STICK,178.85,193,50,0.8714
BEADED CRYSTAL HEART BLUE SMALL,107.31,80,15,1.7373333333333332
BEADED CRYSTAL HEART GREEN LARGE,760.4300000000001,834,62,1.382741935483871
BEADED CRYSTAL HEART GREEN ON STICK,521.11,623,172,0.8377906976744186
BEADED CRYSTAL HEART GREEN SMALL,168.59,119,31,1.9122580645161291
BEADED CRYSTAL HEART PINK LARGE,569.29,565,62,1.5017460317460318
BEADED CRYSTAL HEART PINK ON STICK,725.26,850,206,0.8429126213592232
BEADED CRYSTAL HEART PINK SMALL,342.74,207,65,1.9433846153846153
BEADED LOVE HEART JEWELLERY SET,8.5,10,1,0.85
BEADED PEARL HEART WHITE LARGE,127.04999999999998,77,10,1.65
BEADED PEARL HEART WHITE ON STICK,901.48,996,119,0.9148739495798318
BELL HEART ANTIQUE GOLD,24.96,12,1,2.08
BELL HEART DECORATION,387.0,252,9,1.6277777777777775
BELLE JARDINIERE CUSHION COVER,3257.08,748,210,4.915592417061611
BEST DAD CANDLE LETTERS,26.349999999999998,31,8,0.85
BEWARE OF THE CAT METAL SIGN ,6935.7,4154,449,2.156901098901099
BICYCLE PUNCTURE REPAIR KIT ,3881.91,1863,116,2.2640650406504066
BICYCLE SAFTEY WALL ART,2371.94,458,39,5.782307692307692
BIG DOUGHNUT FRIDGE MAGNETS,2334.94,1726,198,3.95715
BIG POLKADOT MUG,2.34,6,1,0.39
BILI NUT AND WOOD NECKLACE,59.89,50,7,2.412857142857143
BINGO SET,6659.54,1688,378,4.72473544973545
BIRD BOX CHRISTMAS TREE DECORATION,22.06,24,6,1.087142857142857
BIRD DECORATION GREEN POLKADOT,747.81,820,139,1.1363309352517985
BIRD DECORATION RED RETROSPOT,860.93,893,132,1.2836363636363637
BIRD HOUSE HOT WATER BOTTLE,4912.14,1172,279,4.051458333333333
BIRD ON BRANCH CANVAS SCREEN,21.45,11,1,1.95
BIRDCAGE DECORATION TEALIGHT HOLDER,761.57,643,67,1.236231884057971
BIRDHOUSE DECORATION MAGIC GARDEN,889.49,712,137,1.529136690647482
BIRDHOUSE GARDEN MARKER ,2210.62,1537,140,1.7830000000000001
BIRDS MOBILE VINTAGE DESIGN,1147.27,189,73,6.261232876712329
BIRTHDAY BANNER TAPE,30.0,24,1,1.25
BIRTHDAY BANQUET GIFT WRAP,393.5,975,32,0.4175
"BIRTHDAY CARD, RETRO SPOT",1104.81,2608,270,0.4670740740740741
BIRTHDAY PARTY CORDON BARRIER TAPE,617.11,478,97,1.3616326530612244
BISCUIT TIN 50'S CHRISTMAS,6681.25,2194,309,3.2880906148867313
BISCUIT TIN VINTAGE CHRISTMAS,5079.78,1722,277,3.3792086330935254
BISCUIT TIN VINTAGE GREEN,2904.52,450,126,7.27
BISCUIT TIN VINTAGE LEAF,64.56,24,3,2.7566666666666664
BISCUIT TIN VINTAGE RED,3823.21,589,162,7.2198765432098755
BISCUITS SMALL BOWL LIGHT BLUE,631.8399999999999,1255,173,0.7160115606936416
BLACK 3 BEAD DROP EARRINGS,40.96,14,9,2.9122222222222223
BLACK AND WHITE CAT BOWL,2684.6499999999996,1363,49,2.037755102040816
BLACK AND WHITE DOG BOWL,2602.18,1196,52,2.634807692307693
BLACK BAROQUE CARRIAGE CLOCK,432.78999999999996,51,35,8.475142857142856
BLACK BAROQUE WALL CLOCK ,783.68,84,36,12.721666666666668
BLACK BIRD GARDEN DESIGN MUG,62.239999999999995,106,16,1.366470588235294
BLACK CANDELABRA T-LIGHT HOLDER,1106.88,941,89,1.4657777777777776
BLACK CHAMPAGNE GLASS,626.55,1529,35,0.498
BLACK CHERRY LIGHTS,54.0,8,1,6.75
BLACK CHRISTMAS FLOCK DROPLET ,30.0,24,1,1.25
BLACK CHRISTMAS TREE 120CM,551.13,217,27,3.4596296296296294
BLACK CHRISTMAS TREE 60CM,460.64,558,25,1.9308
BLACK CHUNKY BEAD BRACELET W STRAP,199.67,22,18,9.10388888888889
BLACK CRYSTAL DROP EARRINGS,35.27,12,7,2.9314285714285715
BLACK DIAMANTE EXPANDABLE RING,110.09,26,10,4.2090000000000005
BLACK DIAMOND CLUSTER EARRINGS,8.82,3,3,2.94
BLACK DIAMOND CLUSTER NECKLACE,37.239999999999995,4,3,9.43
BLACK DINER WALL CLOCK,625.6899999999999,66,44,9.790227272727272
BLACK DROP CRYSTAL NECKLACE,45.35000000000001,13,3,5.283333333333333
BLACK DROP EARRINGS W LONG BEADS,29.05,10,10,2.9050000000000002
BLACK EAR MUFF HEADPHONES,312.7,47,28,7.693793103448276
BLACK ENAMEL FLOWER RING,252.9,86,23,2.9347826086956523
BLACK ENCHANTED FOREST PLACEMAT,1266.91,698,71,2.313521126760563
BLACK FEATHER CHRISTMAS DECORATION,18.240000000000002,96,7,0.19
BLACK FINE BEAD NECKLACE W TASSEL,35.44,6,6,5.906666666666666
BLACK FLOWER CANDLE PLATE,5.949999999999999,7,2,0.85
BLACK GEMSTONE BRACELET,29.98,4,4,7.495
BLACK GEMSTONE NECKLACE 45CM,63.480000000000004,5,5,12.696000000000002
BLACK GLASS BRACELET W HEART CHARMS,174.73000000000002,35,27,4.994074074074074
BLACK GLASS/SHELL/PEARL NECKLACE,9.15,1,1,9.15
BLACK GRAND BAROQUE PHOTO FRAME,109.94,50,8,4.0275
BLACK HEART CARD HOLDER,12483.220000000001,4870,189,4.3502645502645505
BLACK KITCHEN SCALES,4401.86,517,199,9.169145728643217
BLACK LOVE BIRD CANDLE,356.06,329,62,1.4383870967741934
BLACK LOVE BIRD T-LIGHT HOLDER,332.14,186,29,2.971724137931034
BLACK MEDIUM GLASS CAKE STAND,37.11,17,8,1.9
BLACK MINI TAPE MEASURE ,625.8,623,112,1.1194642857142856
BLACK ORANGE SQUEEZER,57.96,138,21,0.42000000000000004
BLACK PHOTO ALBUM ,7.5,15,3,0.5
BLACK PIRATE TREASURE CHEST,856.39,526,143,2.382013888888889
BLACK RECORD COVER FRAME,40633.38,11651,375,4.215585106382979
BLACK SIL'T SQU CANDLE PLATE ,33.6,16,2,2.1
BLACK SILOUETTE CANDLE PLATE,116.44999999999999,137,20,0.85
BLACK SMALL GLASS CAKE STAND,54.99,61,12,1.17
BLACK SQUARE TABLE CLOCK,305.2,116,30,3.4323333333333332
BLACK STITCHED WALL CLOCK,748.36,709,42,2.3628571428571425
BLACK SWEETHEART BRACELET,392.83,93,47,4.204893617021276
BLACK TEA TOWEL CLASSIC DESIGN,747.3,825,128,1.076846153846154
"BLACK TEA,COFFEE,SUGAR JARS",783.3499999999999,453,47,1.9734042553191489
BLACK VINT ART DEC CRYSTAL BRACELET,13.5,2,2,6.75
BLACK VINT ART DEC CRYSTAL NECKLACE,76.32,9,6,8.47
BLACK VINTAGE  CRYSTAL EARRINGS,45.0,12,7,3.75
BLACK VINTAGE EARRINGS,149.41000000000003,36,31,4.1574193548387095
BLACK WINE GLASS,697.62,1666,19,0.642
BLACK+WHITE NECKLACE W TASSEL,127.24,17,9,9.182222222222222
BLACK/BLUE POLKADOT UMBRELLA,6904.040000000001,1181,292,6.776917808219179
BLACK/WHITE GLASS/SILVER BRACELET,100.08999999999999,11,7,9.184285714285712
BLACKCHRISTMAS TREE 30CM,1.25,1,1,1.25
BLING KEY RING STAND,6.25,6,3,1.0833333333333333
BLOND DOLL DOORSTOP,141.75,109,14,1.6428571428571428
BLOSSOM  IMAGES NOTEBOOK SET,682.97,512,36,1.9597222222222221
BLOSSOM IMAGES GIFT WRAP SET,739.99,786,133,1.0780451127819548
BLOSSOM IMAGES SCRAP BOOK SET,4.95,1,1,4.95
BLUE  DIAMANTE PEN IN GIFT BOX,488.13,129,54,4.301481481481481
BLUE  TILE HOOK,282.78999999999996,99,27,3.573928571428571
BLUE  VOILE LAMPSHADE,234.5,86,9,2.905555555555556
BLUE & WHITE BREAKFAST TRAY,346.3,94,38,4.016315789473684
BLUE 3 PIECE POLKADOT CUTLERY SET,4504.5,1220,108,4.162685185185185
BLUE BIRDHOUSE DECORATION,292.03,421,62,1.0741935483870966
BLUE BLOSSOM HAIR CLIP,81.96000000000001,70,12,1.755
BLUE BREAKFAST CUP AND SAUCER ,11.8,4,3,2.9500000000000006
BLUE BUNNY EASTER EGG BASKET,230.24999999999997,157,3,1.5833333333333333
BLUE CALCULATOR RULER,829.74,654,113,1.5937068965517243
BLUE CAT BISCUIT BARREL PINK HEART,148.32,66,17,2.975882352941176
BLUE CHARLIE+LOLA PERSONAL DOORSIGN,583.23,1041,111,0.8838938053097345
BLUE CHECK BAG W HANDLE 34X20CM,14.11,17,5,0.8299999999999998
BLUE CHENILLE SHAGGY CUSHION COVER ,43.15,43,12,1.0333333333333334
BLUE CIRCLES DESIGN MONKEY DOLL,175.73,66,28,2.806206896551724
BLUE CIRCLES DESIGN TEDDY,154.95,56,25,3.0359999999999996
BLUE CLIMBING HYDRANGA ART FLOWER,52.5,38,3,2.0833333333333335
BLUE COAT RACK PARIS FASHION,2261.21,467,154,5.506387096774193
BLUE CRUSOE CHECK LAMPSHADE,3.78,9,3,0.42
BLUE CRYSTAL BOOT PHONE CHARM,1.66,1,1,1.66
BLUE CUSHION COVER WITH FLOWER,381.78000000000003,58,29,6.534827586206896
BLUE DAISY MOBILE,138.76,172,12,0.7999999999999999
BLUE DELPHINIUM ARTIFICIAL FLOWER,188.37000000000003,99,6,2.23
BLUE DINER WALL CLOCK,8189.29,954,365,9.043780821917808
BLUE DISCO HANDBAG,64.81,31,11,2.346363636363636
BLUE DRAGONFLY HELICOPTER,524.5500000000001,65,45,8.051739130434783
BLUE DRAWER KNOB ACRYLIC EDWARDIAN,2576.03,1890,195,1.675846153846154
BLUE DROP EARRINGS W BEAD CLUSTER,3.32,1,1,3.32
BLUE EASTER EGG HUNT START POST,23.86,10,6,2.6766666666666663
BLUE EGG  SPOON,322.18,1857,106,0.25075471698113205
BLUE FELT EASTER EGG BASKET,610.4499999999999,365,71,1.73986301369863
BLUE FELT HANGING HEART W FLOWER,26.11,16,2,1.645
BLUE FELT HANGING HEART WITH FLOWER,50.57,75,30,0.7040000000000001
BLUE FLOCK CUSHION COVER ,20.0,8,3,2.9166666666666665
BLUE FLOCK GLASS CANDLEHOLDER,259.96,644,10,0.634
BLUE FLOWER DES PURSE,43.66,44,6,0.9700000000000001
BLUE FLY SWAT,156.63,179,66,0.9283333333333333
BLUE GEISHA GIRL ,146.07999999999998,44,25,3.4415999999999998
BLUE GIANT GARDEN THERMOMETER,2757.4700000000003,449,182,6.510491803278689
BLUE GINGHAM ROSE CUSHION COVER,11.9,2,1,5.95
BLUE GLASS CHUNKY CHARM BRACELET,80.55,9,6,8.95
BLUE GLASS GEMS IN BAG,553.8299999999999,588,57,1.37
BLUE GREEN EMBROIDERY COSMETIC BAG,97.13,35,22,3.2627272727272727
BLUE HANGING GINGHAM EASTER HEN,13.44,32,5,0.42000000000000004
BLUE HAPPY BIRTHDAY BUNTING,10491.75,1990,390,5.864717948717949
BLUE HARMONICA IN BOX ,10339.81,7876,603,1.4315409836065573
BLUE HEART COMPACT MIRROR,217.5,128,16,3.59375
BLUE HOLE PUNCH,16.25,13,7,1.25
BLUE JUICY FRUIT PHOTO FRAME,264.06,93,39,3.178205128205128
BLUE KNITTED EGG COSY,85.61,155,28,0.7000000000000001
BLUE KNITTED HEN ,257.21999999999997,220,50,1.0595999999999999
BLUE LEAVES AND BEADS PHONE CHARM,3.76,2,2,1.88
BLUE MONTE CARLO HANDBAG,46.8,24,1,1.95
BLUE MURANO TWIST BRACELET,164.12,39,15,4.201333333333333
BLUE MURANO TWIST NECKLACE,119.89,12,11,9.994545454545454
BLUE NETTING STORAGE HANGER,15.6,8,6,1.95
BLUE NEW BAROQUE CANDLESTICK CANDLE,536.41,449,35,2.384857142857143
BLUE NEW BAROQUE FLOCK CANDLESTICK,4.65,1,1,4.65
BLUE ORGANDY ROUND LAMPSHADE W BEA,10.2,12,4,0.85
BLUE OWL SOFT TOY,1536.88,512,115,3.312735042735043
BLUE PADDED SOFT MOBILE,4.25,1,1,4.25
BLUE PAINTED KASHMIRI CHAIR,149.85000000000002,3,1,49.95
BLUE PAISLEY JOURNAL ,656.06,250,79,2.8722784810126583
BLUE PAISLEY NOTEBOOK,92.39999999999999,56,23,1.6499999999999997
BLUE PAISLEY POCKET BOOK,271.16999999999996,306,62,0.9903225806451613
BLUE PAISLEY SKETCHBOOK,505.97,120,63,4.461746031746031
BLUE PAISLEY TISSUE BOX,321.40000000000003,670,91,0.5719780219780219
BLUE PAPER PARASOL ,946.83,321,60,3.506666666666667
BLUE PARTY BAGS ,2822.32,1480,118,2.182372881355932
BLUE PATCH PURSE PINK HEART,383.02,242,41,1.685609756097561
BLUE POLKADOT BEAKER ,1139.06,2838,90,0.5415555555555556
BLUE POLKADOT BOWL,3983.12,3120,322,1.5869753086419751
BLUE POLKADOT COFFEE MUG,869.6099999999999,2054,71,0.7973239436619718
BLUE POLKADOT CUP,3110.2599999999998,3570,325,1.113211009174312
BLUE POLKADOT EGG CUP ,550.43,1075,65,1.0604615384615383
BLUE POLKADOT GARDEN PARASOL,1668.49,200,89,9.208988764044944
BLUE POLKADOT KIDS BAG,688.3,286,74,3.4390666666666667
BLUE POLKADOT LUGGAGE TAG ,346.86,265,78,1.575897435897436
BLUE POLKADOT PASSPORT COVER,466.99,309,95,2.5613684210526313
BLUE POLKADOT PLATE ,3789.3199999999997,2282,196,2.0589847715736043
BLUE POLKADOT PUDDING BOWL,38.67,29,7,1.45875
BLUE POLKADOT PURSE ,141.15,44,33,3.397878787878788
BLUE POLKADOT WASHING UP GLOVES,920.45,407,148,2.41722972972973
BLUE POLKADOT WRAP,2809.34,6927,217,0.41695852534562206
BLUE POT PLANT CANDLE ,1060.9,299,68,5.06
BLUE PUDDING SPOON,151.19,1052,82,0.24349397590361446
BLUE REFECTORY CLOCK ,1777.46,173,82,11.226951219512195
BLUE RETRO KITCHEN WALL CLOCK,301.88,36,18,8.621111111111112
BLUE ROSE FABRIC MIRROR,709.7,597,90,1.4886666666666666
BLUE ROSE PATCH PURSE PINK BUTTERFL,52.8,32,8,1.65
BLUE ROUND COMPACT MIRROR,150.93,96,18,2.325
BLUE SAVANNAH PICNIC HAMPER FOR 2,2393.5899999999997,256,124,9.261209677419354
BLUE SCANDINAVIAN PAISLEY WRAP,409.5,975,39,0.42
BLUE SCOTTIE DOG W FLOWER PATTERN,424.08,177,49,2.396734693877551
BLUE SHARK HELICOPTER,15.9,2,2,7.95
BLUE SPOT CERAMIC DRAWER KNOB,6083.99,4328,374,1.709493333333333
BLUE SQUARE COMPACT MIRROR,63.75,51,8,1.25
BLUE STONES ON WIRE FOR CANDLE,29.59,352,17,0.10294117647058823
BLUE STRIPE CERAMIC DRAWER KNOB,7091.15,5252,425,1.5951612903225805
BLUE STRIPES SHOULDER BAG,7.469999999999999,9,3,0.83
BLUE SWEETHEART BRACELET,211.43,50,26,4.22
BLUE TABLE RUN FLOWER,56.25,45,11,1.25
BLUE TEA TOWEL CLASSIC DESIGN,565.86,478,53,1.2656603773584905
BLUE TEATIME PRINT BOWL ,12.5,10,2,1.25
BLUE TILED TRAY,54.0,8,4,6.75
BLUE TRAVEL FIRST AID KIT,67.50999999999999,41,14,1.64
BLUE TV TRAY TABLE ,518.61,127,39,6.107435897435898
BLUE VICTORIAN FABRIC OVAL BOX,388.57,925,100,0.6903
BLUE VINTAGE SPOT BEAKER,4747.62,5048,222,1.03009009009009
BLUE WHITE PLASTIC RINGS LAMPSHADE,11.899999999999999,14,5,0.85
BLUE WIRE SPIRAL CANDLE HOLDER,82.57,12,6,7.411666666666666
BLUE/CREAM STRIPE CUSHION COVER ,771.15,623,99,1.2481
BLUE/GREEN SHELL NECKLACE W PENDANT,11.46,2,2,5.73
BLUE/NAT SHELL NECKLACE W PENDANT,5.95,1,1,5.95
BLUE/YELLOW CERAMIC CANDLE HOLDER,6.6,4,1,1.65
BLUE/YELLOW FLOWER DESIGN BIG MUG,16.77,31,12,0.65
BOHEMIAN COLLAGE STATIONERY SET,1080.82,635,211,2.004245283018868
BOOM BOX SPEAKER BOYS,1281.2,296,101,4.858349514563107
BOOM BOX SPEAKER GIRLS,1160.58,562,90,4.37054347826087
BOOZE & WOMEN GREETING CARD ,214.19,504,58,0.5127586206896552
BOTANICAL GARDENS WALL CLOCK ,5843.92,262,83,24.791807228915662
BOTANICAL LAVENDER BIRTHDAY CARD,225.59,504,80,0.518875
BOTANICAL LAVENDER GIFT WRAP ,199.5,475,19,0.42
BOTANICAL LILY GIFT WRAP,105.0,250,7,0.42
BOTANICAL LILY GREETING CARD,181.98,427,60,0.4485
BOTANICAL ROSE GIFT WRAP,304.5,725,28,0.42
BOTANICAL ROSE GREETING CARD,141.95,337,22,0.43863636363636366
BOTTLE BAG RETROSPOT ,2171.53,1330,207,2.423816425120773
BOUDOIR SQUARE TISSUE BOX,1001.5500000000001,1992,172,0.9610112359550562
BOX OF 24 COCKTAIL PARASOLS,4327.38,7903,583,0.6784745762711863
BOX OF 6 ASSORTED COLOUR TEASPOONS,2389.52,558,210,4.66047619047619
BOX OF 6 CHRISTMAS CAKE DECORATIONS,7356.18,1875,220,4.660950226244344
BOX OF 6 MINI 50'S CRACKERS,9219.53,3720,403,2.651167883211679
BOX OF 6 MINI VINTAGE CRACKERS,9162.41,3809,376,2.7416492146596863
BOX OF 9 PEBBLE CANDLES,986.23,485,103,2.4765384615384614
BOX OF VINTAGE ALPHABET BLOCKS,13931.31,1342,267,12.382434456928838
BOX OF VINTAGE JIGSAW BLOCKS ,5236.31,937,235,6.208851063829787
BOX/12 CHICK & EGG IN BASKET,223.10999999999999,123,41,1.9158536585365853
BOXED GLASS ASHTRAY,9.94,4,4,2.485
BOYS ALPHABET IRON ON PATCHES,546.04,1975,99,0.38494949494949493
BOYS PARTY BAG,150.54999999999998,47,11,3.1045454545454545
BOYS VINTAGE TIN SEASIDE BUCKET,3872.92,1425,244,3.385204918032787
BREAD BIN DINER STYLE IVORY,14329.539999999999,901,375,17.415146666666665
BREAD BIN DINER STYLE MINT,4967.929999999999,319,128,16.9328125
BREAD BIN DINER STYLE PINK,5208.45,323,128,18.21203125
BREAD BIN DINER STYLE RED ,10676.619999999999,665,278,17.699460431654675
"BREAD BIN, DINER STYLE, IVORY",59.8,4,1,14.95
"BREAD BIN, DINER STYLE, MINT",59.8,4,1,14.95
BRIGHT BLUES RIBBONS ,699.91,549,109,1.3167567567567566
BROCADE RING PURSE ,6025.95,23020,239,0.363402489626556
BROCANTE COAT RACK,2025.96,220,60,12.059666666666665
BROCANTE SHELF WITH HOOKS,1781.82,162,76,11.533157894736842
BROWN  PIRATE TREASURE CHEST ,993.5,414,146,3.196938775510204
BROWN CHECK CAT DOORSTOP ,1421.11,290,138,5.448623188405797
BROWN KUKUI COCONUT SEED NECKLACE,91.7,77,11,2.3363636363636364
BROWN VINTAGE VICTORIAN EARRINGS,5.8,2,2,2.9
BUBBLEGUM RING ASSORTED,4997.28,12050,245,0.47804878048780486
BUFFALO BILL TREASURE BOOK BOX,4079.28,1922,175,2.730571428571429
BUFFALO BILL WALL ART ,852.72,248,16,3.6925
BULL DOG BOTTLE OPENER,4764.5,874,264,6.4533082706766915
BULL DOG BOTTLE TOP WALL CLOCK,1733.57,201,82,9.421463414634145
BUNDLE OF 3 ALPHABET EXERCISE BOOKS,6114.24,3516,345,1.7743304843304841
BUNDLE OF 3 RETRO EXERCISE BOOKS,98.99999999999999,60,5,1.65
BUNDLE OF 3 RETRO NOTE BOOKS,3529.8899999999994,2141,276,1.8762411347517731
BUNDLE OF 3 SCHOOL EXERCISE BOOKS  ,2761.8999999999996,1702,202,1.7966009852216749
BUNNY DECORATION MAGIC GARDEN,591.4399999999999,668,113,1.0199137931034483
BUNNY EGG BOX,228.75,183,26,1.25
BUNNY EGG GARLAND,269.17,528,78,0.6543037974683544
BUNNY WOODEN PAINTED WITH BIRD ,777.78,1000,147,0.9306802721088435
BUNNY WOODEN PAINTED WITH FLOWER ,432.46,568,101,0.9327184466019417
"BUNTING , SPOTTY ",634.7,146,7,4.721428571428572
BUTTERFLIES STICKERS,568.26,628,110,1.1387272727272726
BUTTERFLY CROCHET FOOD COVER,572.23,148,66,4.010606060606061
BUTTERFLY CUSHION COVER,30.0,8,2,3.75
BUTTERFLY HAIR BAND,95.41999999999999,38,21,2.4961904761904763
BUTTON BOX ,3378.5,1876,250,1.9483399209486165
BUTTONS AND STRIPES NOTEBOOK ,48.75,13,7,3.75
Bank Charges,165.001,12,11,13.750083333333334
CABIN BAG VINTAGE PAISLEY,2010.12,99,34,22.510882352941177
CABIN BAG VINTAGE RETROSPOT,4674.62,247,68,22.484117647058824
CACTI T-LIGHT CANDLES,2278.9,5321,143,0.9854545454545454
CAKE PLATE LOVEBIRD PINK,1821.6100000000001,441,78,5.30493670886076
CAKE PLATE LOVEBIRD WHITE,3880.2,1057,222,5.441216216216216
CAKE SHOP  STICKER SHEET,48.449999999999996,57,8,0.85
CAKE STAND 3 TIER MAGIC GARDEN,3624.5999999999995,308,88,12.525
CAKE STAND LACE WHITE,4.25,1,1,4.25
CAKE STAND LOVEBIRD 2 TIER PINK,1104.54,131,51,10.617450980392157
CAKE STAND LOVEBIRD 2 TIER WHITE,1849.25,231,86,10.015581395348836
CAKE STAND VICTORIAN FILIGREE LARGE,471.86,56,35,8.427142857142856
CAKE STAND VICTORIAN FILIGREE MED,1916.01,322,129,5.957364341085271
CAKE STAND VICTORIAN FILIGREE SMALL,1420.58,372,122,4.323770491803279
CAKE STAND WHITE TWO TIER LACE,2471.39,343,101,8.513465346534653
CAKES AND BOWS GIFT  TAPE,413.76,1166,93,0.761505376344086
CAKES AND RABBITS DESIGN FLANNEL ,134.48999999999998,119,50,1.2856
"CAKESTAND, 3 TIER, LOVEHEART",19.9,2,1,9.95
CALENDAR FAMILY FAVOURITES,550.6,193,59,3.033728813559322
CALENDAR IN SEASON DESIGN,1502.2900000000002,581,110,2.78990990990991
CALENDAR PAPER CUT DESIGN,5467.26,1834,271,3.353065693430657
CAMOUFLAGE DESIGN TEDDY,3448.05,1631,36,2.4124999999999996
CAMOUFLAGE DOG COLLAR,12.72,1,1,12.72
CAMOUFLAGE EAR MUFF HEADPHONES,368.08,53,27,7.535185185185185
CAMOUFLAGE LED TORCH,4594.43,2726,168,2.109345238095238
CAMPHOR WOOD PORTOBELLO MUSHROOM,246.82999999999998,178,50,1.8538
CANDLE HOLDER SILVER MADELINE,325.15999999999997,196,20,1.886
CANDLE PLATE LACE WHITE,416.59999999999997,193,56,2.6326785714285714
CANDLEHOLDER PINK HANGING HEART,6438.79,2251,398,3.1557178217821784
CANDY HEART HANGING DECORATION,690.52,1318,62,0.7807936507936507
CANDY SHOP  STICKER SHEET,179.45999999999998,195,33,1.102857142857143
CANDY SPOT BUNNY,38.35,13,5,2.95
CANDY SPOT CUSHION COVER,1129.99,339,125,3.48024
CANDY SPOT EGG WARMER HARE,475.18,708,88,0.8860674157303371
CANDY SPOT EGG WARMER RABBIT,242.13,640,90,0.6907777777777777
CANDY SPOT HAND BAG,534.83,259,51,2.3871153846153845
CANDY SPOT HEART DECORATION,122.08,146,50,0.8331999999999999
CANDY SPOT TEA COSY,40.05,27,2,2.3
CANNABIS LEAF BEAD CURTAIN,30.599999999999998,36,2,0.85
CANNISTER VINTAGE LEAF DESIGN,23.4,12,2,1.95
CAPIZ CHANDELIER,29.95,1,1,29.95
CARAVAN SQUARE TISSUE BOX,800.59,1440,153,0.9591139240506329
CARD BILLBOARD FONT,2256.56,5290,443,0.5251015801354402
CARD BIRTHDAY COWBOY,1415.73,3487,225,0.5433333333333333
CARD CAT AND TREE ,717.23,1633,168,0.5764285714285714
CARD CHRISTMAS VILLAGE,1550.4,3633,244,0.46090163934426226
CARD CIRCUS PARADE,1360.91,3201,288,0.5248611111111111
CARD DOG AND BALL ,535.78,1229,131,0.5551908396946565
CARD DOLLY GIRL ,1822.2,4435,312,0.5486261980830671
CARD GINGHAM ROSE ,1096.09,2693,163,0.47944785276073615
CARD HOLDER GINGHAM HEART,2141.32,684,175,3.5053977272727277
CARD HOLDER LOVE BIRD LARGE ,1460.5,232,84,6.810714285714286
CARD HOLDER LOVE BIRD SMALL,1355.24,332,72,4.643611111111111
CARD I LOVE LONDON ,1437.36,3441,217,0.5413761467889908
CARD MOTORBIKE SANTA,1691.76,3987,266,0.4599253731343283
CARD PARTY GAMES ,888.47,2129,235,0.4929361702127659
CARD PSYCHEDELIC APPLES,1118.84,2628,268,0.4901492537313432
CARD SUKI BIRTHDAY,1114.81,2639,290,0.48220689655172416
CARD WEDDING DAY,645.64,1543,130,0.5171538461538462
CARDHOLDER GINGHAM CHRISTMAS TREE,1509.41,413,86,4.486511627906976
CARDHOLDER GINGHAM STAR,1212.82,379,79,3.6482716049382713
CARDHOLDER HOLLY WREATH METAL,3021.12,658,135,5.085037037037037
CARNIVAL BRACELET,558.03,44,26,12.656538461538462
CAROUSEL DESIGN WASHBAG,199.84,108,50,1.9125999999999999
CAROUSEL PONIES BABY BIB,14.37,33,12,0.5853846153846154
CARRIAGE,7051.0,142,141,49.87943262411348
CARROT CHARLIE+LOLA COASTER SET,773.3,471,126,2.3733858267716537
CARTOON  PENCIL SHARPENERS,283.31,3821,64,0.26984375
CAST IRON HOOK GARDEN FORK,1421.83,523,23,3.5356521739130433
CAST IRON HOOK GARDEN TROWEL,1018.19,386,25,3.5335999999999994
CAT AND BIRD WALL ART,323.64,270,4,2.005
CAT BOWL VINTAGE CREAM,1655.96,472,116,3.6286206896551727
CAT WITH SUNGLASSES BLANK CARD,0.95,5,1,0.19
CD WALL TIDY BLUE OFFICE,40.379999999999995,103,8,0.71375
CD WALL TIDY RED FLOWERS,61.05,163,8,0.55125
CERAMIC BIRDHOUSE CRESTED TIT SMALL,253.53000000000003,79,22,3.7117391304347827
CERAMIC BOWL WITH LOVE HEART DESIGN,677.86,583,73,1.6003846153846153
CERAMIC BOWL WITH STRAWBERRY DESIGN,1367.45,583,120,3.6615447154471545
CERAMIC CAKE BOWL + HANGING CAKES,2117.54,714,134,3.6647058823529415
CERAMIC CAKE DESIGN SPOTTED MUG,2206.63,1451,187,1.7963157894736843
CERAMIC CAKE DESIGN SPOTTED PLATE,1313.28,820,115,2.1011304347826085
CERAMIC CAKE STAND + HANGING CAKES,5117.29,563,154,9.906493506493506
CERAMIC CHERRY CAKE MONEY BANK,2986.97,2214,276,2.1284420289855075
CERAMIC HEART FAIRY CAKE MONEY BANK,4709.74,2354,351,2.2715211267605633
CERAMIC LOVE HEART MONEY BANK,466.18,732,45,1.405111111111111
CERAMIC PIRATE CHEST MONEY BANK,1320.6999999999998,851,143,1.9219580419580418
CERAMIC PLATE STRAWBERRY DESIGN,667.92,584,61,1.41327868852459
CERAMIC STRAWBERRY CAKE MONEY BANK,5684.17,4160,390,2.054529262086514
CERAMIC STRAWBERRY DESIGN MUG,2081.54,1780,173,1.6124293785310733
CERAMIC STRAWBERRY MONEY BOX,2515.52,977,114,3.316695652173913
CERAMIC STRAWBERRY TRINKET TRAY,350.46999999999997,137,69,2.590869565217391
CHALKBOARD KITCHEN ORGANISER,366.73,11,8,37.61
CHAMBRE HOOK,184.67999999999998,132,25,1.7564
CHAMPAGNE TRAY BLANK CARD,1.52,8,2,0.19
CHARLIE & LOLA WASTEPAPER BIN BLUE,852.04,667,86,1.5657954545454544
CHARLIE & LOLA WASTEPAPER BIN FLORA,1323.37,996,118,1.8833613445378152
CHARLIE + LOLA BISCUITS TINS,1653.97,553,118,5.551864406779661
CHARLIE + LOLA RED HOT WATER BOTTLE,2421.59,936,255,3.1212451361867704
CHARLIE AND LOLA CHARLOTTE BAG,162.20999999999998,65,27,3.4099999999999997
CHARLIE AND LOLA FIGURES TINS,3587.19,1523,214,4.046558139534883
CHARLIE AND LOLA TABLE TINS,1230.78,538,84,4.0373809523809525
CHARLIE LOLA BLUE HOT WATER BOTTLE ,1452.3500000000001,304,143,4.687123287671233
CHARLIE+LOLA MY ROOM DOOR SIGN,249.48999999999998,403,84,0.8260465116279069
CHARLIE+LOLA PINK HOT WATER BOTTLE,3384.98,1003,313,3.4974203821656054
CHARLIE+LOLA RED HOT WATER BOTTLE ,1976.54,431,165,4.596385542168675
"CHARLIE+LOLA""EXTREMELY BUSY"" SIGN",428.0,683,105,1.2516981132075473
CHARLOTTE BAG ALPHABET  DESIGN,320.5,400,22,0.838181818181818
CHARLOTTE BAG APPLES DESIGN,7741.94,7976,583,1.1219453924914675
CHARLOTTE BAG DOLLY GIRL DESIGN,4214.95,5194,415,0.9770883054892601
CHARLOTTE BAG PINK POLKADOT,11417.74,9716,742,1.252092715231788
CHARLOTTE BAG SUKI DESIGN,29254.149999999998,18124,882,1.2166067415730337
CHARLOTTE BAG VINTAGE ALPHABET ,5405.88,5457,445,1.164375
CHERRY BLOSSOM  DECORATIVE FLASK,1565.71,377,126,4.856771653543307
CHERRY BLOSSOM CANVAS ART PICTURE,97.95,41,6,3.9499999999999997
CHERRY BLOSSOM DECORATIVE FLASK,774.7,192,69,4.5343478260869565
CHERRY BLOSSOM LUGGAGE TAG,95.17999999999999,73,33,1.4815151515151515
CHERRY BLOSSOM PASSPORT COVER,243.53,194,71,1.8074647887323942
CHERRY BLOSSOM PURSE,49.69,20,16,2.490625
CHERRY BLOSSOM TABLE CLOCK ,29.599999999999998,8,4,3.6999999999999997
CHERRY CROCHET FOOD COVER,1004.39,264,104,3.990096153846154
CHERUB HEART DECORATION GOLD,649.02,738,71,1.0394366197183098
CHERUB HEART DECORATION SILVER ,1176.1699999999998,1355,88,1.0939772727272727
CHEST 7 DRAWER MA CAMPAGNE,895.38,36,26,25.533846153846152
CHEST NATURAL WOOD 20 DRAWERS,2745.0,24,13,118.07692307692308
CHEST OF DRAWERS GINGHAM HEART ,2851.3599999999997,163,91,18.919890109890108
CHICK GREY HOT WATER BOTTLE,8495.42,1871,402,5.187780487804877
CHILDREN'S APRON DOLLY GIRL ,4326.43,2069,313,2.442825396825397
CHILDREN'S CIRCUS PARADE MUG,2136.0099999999998,1255,144,2.033379310344827
CHILDREN'S SPACEBOY MUG,3028.0399999999995,1771,227,1.9899561403508772
CHILDRENS APRON APPLES DESIGN,5150.92,2414,365,2.5617983651226157
CHILDRENS APRON SPACEBOY DESIGN,7508.58,3749,550,2.4254611211573236
CHILDRENS CUTLERY CIRCUS PARADE,4097.22,1014,158,4.346962025316456
CHILDRENS CUTLERY DOLLY GIRL ,6753.71,1667,291,4.270341296928327
CHILDRENS CUTLERY POLKADOT BLUE,12366.97,2847,289,5.268088737201365
CHILDRENS CUTLERY POLKADOT GREEN ,7701.71,1829,246,5.505934959349593
CHILDRENS CUTLERY POLKADOT PINK,16865.97,3951,423,5.1186915887850475
CHILDRENS CUTLERY RETROSPOT RED ,12604.23,2907,317,5.2348916408668735
CHILDRENS CUTLERY SPACEBOY ,8517.67,2077,360,4.469945054945056
CHILDRENS DOLLY GIRL MUG,2729.6899999999996,1598,204,2.044390243902439
CHILDRENS GARDEN GLOVES BLUE,883.1999999999999,642,81,1.616829268292683
CHILDRENS GARDEN GLOVES PINK,648.97,489,74,1.7722972972972975
CHILDRENS SPACEBOY MUG,39.599999999999994,24,2,1.65
CHILDRENS TOY COOKING UTENSIL SET,1633.81,746,168,2.5796470588235296
CHILDS BREAKFAST SET CIRCUS PARADE,5009.56,595,198,8.927575757575758
CHILDS BREAKFAST SET DOLLY GIRL ,6412.33,681,194,10.368102564102564
CHILDS BREAKFAST SET SPACEBOY ,7161.3,763,222,10.312946428571427
CHILDS GARDEN BRUSH BLUE,783.5400000000001,363,81,2.668024691358025
CHILDS GARDEN BRUSH PINK,906.7500000000001,411,88,2.6006818181818185
CHILDS GARDEN FORK BLUE ,772.59,930,128,0.8972307692307693
CHILDS GARDEN FORK PINK,750.81,864,135,0.9484444444444444
CHILDS GARDEN RAKE BLUE,494.89000000000004,206,62,2.73421875
CHILDS GARDEN RAKE PINK,447.63000000000005,199,69,2.5105797101449276
CHILDS GARDEN SPADE BLUE,704.45,302,99,2.528888888888889
CHILDS GARDEN SPADE PINK,608.95,266,84,2.6092857142857144
CHILDS GARDEN TROWEL BLUE ,622.0999999999999,719,113,0.9045217391304348
CHILDS GARDEN TROWEL PINK,525.51,609,104,0.9174285714285714
CHILLI LIGHTS,54096.36,10302,661,6.7953973013493245
CHINESE DRAGON PAPER LANTERNS,2136.34,5556,97,2.2792783505154635
CHOC TRUFFLE GOLD TRINKET POT ,638.6199999999999,408,70,2.072535211267606
CHOCOLATE 1 WICK MORRIS BOX CANDLE,589.9,362,50,2.3409999999999997
CHOCOLATE 3 WICK MORRIS BOX CANDLE,1062.57,620,71,3.3797183098591552
CHOCOLATE BOX RIBBONS ,2275.61,1721,309,1.5672727272727272
CHOCOLATE CALCULATOR,1790.1,954,198,2.34964824120603
CHOCOLATE HOT WATER BOTTLE,32826.58,6017,858,6.075206422018349
CHOCOLATE THIS WAY METAL SIGN,7752.22,3771,468,2.534714587737844
CHRISTMAS CARD SCREEN PRINT ,304.5,1238,64,0.29765625
CHRISTMAS CARD SINGING ANGEL,168.33,399,39,0.4330769230769231
CHRISTMAS CARD STACK OF PRESENTS,196.44,816,36,0.2602777777777778
CHRISTMAS CRAFT HEART STOCKING ,63.0,30,1,2.1
CHRISTMAS CRAFT LITTLE FRIENDS,9662.28,4073,544,2.5802712477396024
CHRISTMAS CRAFT TREE TOP ANGEL,6463.790000000001,2791,457,2.6021551724137932
CHRISTMAS CRAFT WHITE FAIRY ,4946.19,3247,377,1.7504663212435232
CHRISTMAS DECOUPAGE CANDLE,821.98,1845,76,0.7696153846153846
"CHRISTMAS GARLAND STARS,TREES",637.83,180,48,3.535625
CHRISTMAS GINGHAM HEART,605.8,649,54,1.1770370370370369
CHRISTMAS GINGHAM STAR,2085.64,2263,198,1.12425
CHRISTMAS GINGHAM TREE,1905.7699999999998,2006,196,1.1763959390862944
CHRISTMAS HANGING HEART WITH BELL,307.59999999999997,231,26,1.6842307692307692
CHRISTMAS HANGING SNOWFLAKE,430.86,490,48,1.2252083333333335
CHRISTMAS HANGING STAR WITH BELL,2981.8399999999997,5840,252,0.744638783269962
CHRISTMAS HANGING TREE WITH BELL,1117.92,1964,117,0.9476859504132231
CHRISTMAS LIGHTS 10 REINDEER,13795.92,1670,311,9.962893890675241
CHRISTMAS LIGHTS 10 SANTAS ,4460.54,608,152,8.33764705882353
CHRISTMAS LIGHTS 10 VINTAGE BAUBLES,6755.47,1355,209,6.264258373205742
CHRISTMAS METAL POSTCARD WITH BELLS,1843.64,3375,111,1.318859649122807
CHRISTMAS METAL TAGS ASSORTED ,3008.92,2991,172,2.2110857142857143
CHRISTMAS MUSICAL ZINC HEART ,67.89999999999999,58,10,1.252
CHRISTMAS MUSICAL ZINC STAR,967.7599999999999,1953,123,0.6486290322580645
CHRISTMAS MUSICAL ZINC TREE,446.2,990,95,0.6635416666666666
CHRISTMAS PUDDING TRINKET POT ,3462.25,6729,241,1.0662948207171314
CHRISTMAS RETROSPOT ANGEL WOOD,2219.83,2479,200,1.0747029702970297
CHRISTMAS RETROSPOT HEART WOOD,137.59,139,27,1.3128571428571427
CHRISTMAS RETROSPOT STAR WOOD,1543.2299999999998,1698,193,1.070969387755102
CHRISTMAS RETROSPOT TREE WOOD,1235.3799999999999,1387,171,1.078125
CHRISTMAS STAR WISH LIST CHALKBOARD,4110.42,3476,262,1.299132075471698
CHRISTMAS TABLE CANDLE SILVER SPIKE,13.28,16,1,0.83
CHRISTMAS TABLE SILVER CANDLE SPIKE,1483.61,1715,103,1.055904761904762
CHRISTMAS TOILET ROLL,5078.76,3719,248,1.6951538461538462
CHRISTMAS TREE DECORATION WITH BELL,530.26,1251,125,0.42296
CHRISTMAS TREE HANGING GOLD,718.53,799,75,1.0467532467532468
CHRISTMAS TREE HANGING SILVER ,750.1899999999999,801,88,1.089438202247191
CHRISTMAS TREE HEART DECORATION,919.14,2122,180,0.4531868131868132
CHRISTMAS TREE PAINTED ZINC ,683.3100000000001,2468,83,0.43829545454545454
CHRISTMAS TREE STAR DECORATION,1016.02,2353,198,0.4511111111111111
CHRISTMAS TREE T-LIGHT HOLDER,47.849999999999994,33,7,1.45
CHRYSANTHEMUM  JOURNAL,267.13,102,40,2.7685
CHRYSANTHEMUM NOTEBOOK,282.48999999999995,169,80,1.7029999999999998
CHRYSANTHEMUM POCKET BOOK ,54.4,64,20,0.85
CHRYSANTHEMUM SKETCHBOOK ,416.05,102,59,4.255762711864407
CHUNKY CRACKED GLAZE NECKLACE IVORY,43.510000000000005,4,4,10.877500000000001
CHUNKY SILVER NECKLACE PASTEL FLOWE,324.01,32,23,10.19391304347826
CINAMMON & ORANGE WREATH,672.88,104,34,6.652222222222222
CINAMMON SET OF 9 T-LIGHTS,782.5,871,154,1.0847133757961782
CINDERELLA CHANDELIER ,3717.56,221,23,45.48739130434783
CINNAMON SCENTED VOTIVE CANDLE,333.2,1288,39,0.2776923076923077
CIRCUS PARADE BABY GIFT SET,4879.599999999999,315,111,16.296576576576577
CIRCUS PARADE CHILDRENS EGG CUP ,1389.01,1066,143,1.5139583333333333
CIRCUS PARADE LUNCH BOX ,7199.57,3677,396,2.614900497512438
CITRONELLA CANDLE FLOWERPOT,1817.74,786,157,2.5079874213836475
CITRONELLA CANDLE GARDEN POT,3010.65,1651,225,1.8948458149779734
CITRUS GARLAND FELT FLOWERS ,117.0,60,14,1.95
CLAM SHELL LARGE,18.75,5,4,3.75
CLAM SHELL SMALL ,446.02000000000004,219,46,2.722391304347826
CLASSIC BICYCLE CLIPS ,2372.68,1640,99,1.657941176470588
CLASSIC CAFE SUGAR DISPENSER,4311.35,3075,325,1.7985757575757575
CLASSIC CHROME BICYCLE BELL ,3578.62,2498,193,1.6264141414141413
CLASSIC CROME BICYCLE BELL ,77.4,60,2,1.35
CLASSIC DIAMANTE EARRINGS JET,40.900000000000006,14,9,2.9055555555555554
CLASSIC DIAMANTE NECKLACE JET,22.48,3,2,7.49
CLASSIC FRENCH STYLE BASKET BROWN,1296.6100000000001,304,74,4.584533333333334
CLASSIC FRENCH STYLE BASKET GREEN ,1497.72,344,76,5.041052631578947
CLASSIC FRENCH STYLE BASKET NATURAL,2213.42,522,106,4.930754716981132
CLASSIC GLASS COOKIE JAR,6183.39,1437,300,4.753455149501661
CLASSIC GLASS SWEET JAR,479.45000000000005,119,14,4.092857142857143
CLASSIC METAL BIRDCAGE PLANT HOLDER,11300.02,975,290,13.383676975945017
CLASSIC SUGAR DISPENSER,247.32,216,12,1.1975
CLASSIC WHITE FRAME,168.16000000000003,56,16,3.1350000000000002
CLASSICAL ROSE CANDLESTAND,162.20000000000002,194,12,1.5075
CLASSICAL ROSE SMALL VASE,247.04,142,13,2.813846153846154
CLASSICAL ROSE TABLE LAMP,55.7,6,2,11.95
CLEAR ACRYLIC FACETED BANGLE,61.56,41,7,2.1514285714285717
CLEAR CRYSTAL STAR PHONE CHARM,28.569999999999997,52,10,1.1889999999999998
CLEAR DRAWER KNOB ACRYLIC EDWARDIAN,8930.44,6539,441,1.5675615212527965
CLEAR LOVE BIRD T-LIGHT HOLDER,264.46999999999997,92,26,3.1765384615384615
CLEAR MILKSHAKE GLASS,75.60000000000001,36,5,2.1
CLEAR STATIONERY BOX SET ,69.89999999999999,84,17,0.8335294117647059
CLOCK MAGNET MUM'S KITCHEN,930.48,324,53,3.5243396226415094
CLOTHES PEGS RETROSPOT PACK 24 ,13325.869999999999,8676,772,1.8339870967741934
COCKLE SHELL DISH,629.8000000000001,340,68,2.994264705882353
COCKTAIL SWORDS 50 PIECES,759.5699999999999,935,95,1.014421052631579
COFFEE MUG APPLES DESIGN,6338.25,2816,261,2.7623664122137406
COFFEE MUG BLUE PAISLEY DESIGN,1352.88,761,61,3.118360655737705
COFFEE MUG CAT + BIRD DESIGN,4980.83,2205,252,3.1865079365079363
COFFEE MUG DOG + BALL DESIGN,3409.21,1528,196,3.1201020408163265
COFFEE MUG PEARS  DESIGN,5134.29,2329,212,2.7265727699530515
COFFEE MUG PINK PAISLEY DESIGN,1604.58,693,51,3.0107843137254897
COFFEE SCENT PILLAR CANDLE,335.78999999999996,324,61,1.1914516129032255
COLOUR GLASS T-LIGHT HOLDER HANGING,10487.050000000001,16401,621,0.7275401929260451
COLOUR GLASS. STAR T-LIGHT HOLDER,17069.7,5736,264,3.93203007518797
COLOURED GLASS STAR T-LIGHT HOLDER,3580.96,1012,52,4.481132075471698
COLOURFUL FLOWER FRUIT BOWL,52.2,17,12,2.2875
COLOURING PENCILS BROWN TUBE,3744.49,5085,331,1.0133512064343164
COLUMBIAN  CUBE CANDLE ,58.62,105,11,0.9872727272727272
COLUMBIAN CANDLE RECTANGLE,299.90999999999997,181,29,1.688
COLUMBIAN CANDLE ROUND,285.39,412,51,0.83328125
COLUMBIAN CANDLE ROUND ,210.61,169,30,1.284516129032258
COLUMBIAN CUBE CANDLE,54.599999999999994,28,12,1.95
CONDIMENT TRAY 4 BOWLS AND 4 SPOONS,399.02,37,26,11.486666666666666
CONGRATULATIONS BUNTING,70.85000000000001,13,3,5.45
COOK WITH WINE METAL SIGN ,20874.440000000002,10324,723,2.3886126373626375
COOKING SET RETROSPOT,671.53,69,28,10.612857142857141
COPPER AND BRASS BAG CHARM,24.810000000000002,4,2,7.455
COPPER/OLIVE GREEN FLOWER NECKLACE,129.85,21,14,6.1899999999999995
CORDIAL GLASS JUG,288.88,34,16,8.742941176470588
CORDIAL JUG,49.5,6,2,8.25
CORONA MEXICAN TRAY,719.69,172,38,5.865263157894737
COSMETIC BAG VINTAGE ROSE PAISLEY,897.74,417,100,2.6088
COSY HOUR CIGAR BOX MATCHES ,1996.1399999999999,1374,146,1.2598692810457515
COSY HOUR GIANT TUBE MATCHES,475.65,195,26,2.5344827586206895
COSY SLIPPER SHOES LARGE GREEN,480.1700000000001,147,40,3.8230000000000004
COSY SLIPPER SHOES SMALL  RED ,144.58,46,21,3.3360869565217395
COSY SLIPPER SHOES SMALL GREEN,703.08,254,111,2.763153153153153
COTE D'AZURE NECKLACE,29.790000000000003,6,5,4.968000000000001
COTTON APRON PANTRY DESIGN,2917.4300000000003,633,164,5.315301204819277
COUNTRY COTTAGE  DOORSTOP GREEN,8.47,1,1,8.47
COWBOYS AND INDIANS BIRTHDAY CARD ,1572.28,3741,274,0.5317883211678832
CRACKED GLAZE EARRINGS BROWN,12.53,5,5,2.506
CRACKED GLAZE EARRINGS IVORY,9.99,4,4,2.4975
CRACKED GLAZE EARRINGS RED,22.58,9,9,2.5088888888888885
CRACKED GLAZE NECKLACE BROWN,14.14,2,2,7.07
CRACKED GLAZE NECKLACE IVORY,55.72,8,4,6.98
CRACKED GLAZE NECKLACE RED,70.16,10,7,7.0442857142857145
CRAZY DAISY HEART DECORATION,468.39,464,149,1.0885906040268456
CREAM AND PINK FLOWERS PONY ,41.25,11,5,3.75
CREAM BUNNY EASTER EGG BASKET,41.24999999999999,25,3,1.6499999999999997
CREAM CLIMBING HYDRANGA ART FLOWER,60.0,32,4,2.5
CREAM CUPID HEARTS COAT HANGER,7653.17,2015,284,4.311608391608392
CREAM DELPHINIUM ARTIFICIAL FLOWER,180.58,70,8,2.68
CREAM FELT EASTER EGG BASKET,1568.9299999999998,974,114,1.7577391304347825
CREAM HANGING HEART T-LIGHT HOLDER,178.51000000000002,61,9,3.536666666666667
CREAM HEART CARD HOLDER,23435.82,8284,524,4.4527186311787075
CREAM SLICE FLANNEL CHOCOLATE SPOT ,702.51,237,53,3.8114814814814815
CREAM SLICE FLANNEL PINK SPOT ,2492.71,901,97,3.8324489795918364
CREAM SWEETHEART EGG HOLDER,3708.52,767,161,5.392760736196319
CREAM SWEETHEART LETTER RACK,976.25,215,30,6.697333333333333
CREAM SWEETHEART MINI CHEST,22594.2,1784,519,14.308129770992366
CREAM SWEETHEART WALL CABINET,126.64999999999999,7,5,18.55
CREAM WALL PLANTER HEART SHAPED,2582.75,433,158,6.442974683544304
CROCHET BEAR RED/BLUE  KEYRING,36.3,22,4,1.65
CROCHET DOG KEYRING,21.449999999999996,13,2,1.65
CROCHET LILAC/RED BEAR KEYRING,1.65,1,1,1.65
CROCHET ROSE DES CLOTHES HANGER,14.750000000000002,5,1,2.95
CROCHET ROSE PURSE WITH SUEDE BACK,241.24000000000004,76,22,3.5954545454545457
CROCHET WHITE RABBIT KEYRING ,69.38,38,7,2.5585714285714287
CRYSTAL CHANDELIER T-LIGHT HOLDER,18.75,3,1,6.25
CRYSTAL CZECH CROSS PHONE CHARM,23.47,25,9,1.4699999999999998
CRYSTAL DIAMANTE EXPANDABLE RING,148.63,35,11,4.239090909090909
CRYSTAL DIAMANTE STAR BROOCH,224.73000000000002,45,31,4.990967741935484
CRYSTAL FROG PHONE CHARM,77.78999999999999,102,28,1.5003571428571427
CRYSTAL HOOP EARRING FLORAL LEAF,64.58,22,15,2.9320000000000004
CRYSTAL PAIR HEART HAIR SLIDES,112.26,30,16,3.73875
CRYSTAL SEA HORSE PHONE CHARM,61.459999999999994,107,25,1.4872
CRYSTAL STILETTO PHONE CHARM,36.76,34,10,1.48
CRYSTAL STUD EARRINGS ASSORTED COL ,232.56,612,15,0.38
CRYSTAL STUD EARRINGS CLEAR DISPLAY,123.12,324,7,0.38
CUBIC MUG FLOCK BLUE ON BROWN,78.09,131,21,1.572857142857143
CUBIC MUG FLOCK PINK ON BROWN,142.23,163,32,2.233636363636364
CUBIC MUG PINK POLKADOT,349.35,494,47,2.7468749999999997
CUPBOARD 3 DRAWER MA CAMPAGNE,2786.0299999999997,171,112,17.674464285714286
CUPCAKE LACE PAPER SET 6,4488.63,2367,186,2.093191489361702
CUPID DESIGN SCENTED CANDLES,509.07,225,43,2.9211627906976743
CUPID SCENTED CANDLE IN GLASS,18.15,11,4,1.65
CURIO CABINET LINEN AND LACE ,290.1,36,18,8.027777777777779
CURIOUS  IMAGES NOTEBOOK SET,270.72,182,11,2.997272727272727
CURIOUS IMAGES GIFT WRAP SET,718.5400000000001,683,140,1.1924113475177305
CURIOUS IMAGES SCRAP BOOK SET,14.850000000000001,3,1,4.95
CUSHION COVER PINK UNION JACK,764.63,123,47,7.620212765957446
CUT GLASS HEXAGON T-LIGHT HOLDER,1142.31,649,20,2.261
CUT GLASS T-LIGHT HOLDER OCTAGON,541.39,249,27,2.51448275862069
CUTE BIRD CEATURE SCREEN,8.58,22,2,0.39
CUTE CATS TAPE,383.11,1102,79,0.6788607594936709
CUTE RABBIT CEATURE SCREEN ,4.29,11,2,0.39
DAIRY MAID  PUDDING BOWL,18.75,5,2,3.75
DAIRY MAID LARGE MILK JUG,1879.18,370,155,5.459615384615385
DAIRY MAID STRIPE MUG,1720.3000000000002,1906,82,1.101219512195122
DAIRY MAID TOASTRACK,769.57,777,104,1.614952380952381
DAIRY MAID TRADITIONAL TEAPOT ,1557.57,215,111,7.704774774774775
DAISIES  HONEYCOMB GARLAND ,868.4399999999999,499,85,1.9561176470588233
DAISY FOLKART HEART DECORATION,120.0,96,16,1.25
DAISY GARDEN MARKER,1658.57,1139,98,1.7758163265306122
DAISY HAIR BAND,140.32999999999998,85,37,1.652162162162162
DAISY HAIR COMB,47.839999999999996,19,11,2.502727272727273
DAISY JOURNAL ,217.55999999999997,80,34,2.7467647058823528
DAISY NOTEBOOK ,233.54,134,63,1.7179687499999998
DAISY SKETCHBOOK ,205.04,73,27,3.9829629629629633
DANISH ROSE BEDSIDE CABINET,519.35,13,10,39.95
DANISH ROSE DECORATIVE PLATE,710.64,951,55,1.4351785714285714
DANISH ROSE DELUXE COASTER,407.15,935,40,0.614390243902439
DANISH ROSE FOLDING CHAIR,890.4000000000001,112,25,7.95
DANISH ROSE PHOTO FRAME,1460.81,1423,99,1.3489898989898987
DANISH ROSE ROUND SEWING BOX,951.79,811,62,2.2196774193548388
DANISH ROSE TRINKET TRAYS,483.05,259,31,3.877741935483871
DANISH ROSE UMBRELLA STAND,31.9,2,2,15.95
DARK BIRD HOUSE TREE DECORATION,589.55,1483,142,0.6625174825174824
DECORATION  BUTTERFLY  MAGIC GARDEN,730.9499999999999,819,147,1.0487837837837837
DECORATION  PINK CHICK MAGIC GARDEN,525.09,593,109,1.0403603603603602
"DECORATION , WOBBLY CHICKEN, METAL ",397.71999999999997,234,35,1.9820000000000002
"DECORATION , WOBBLY RABBIT , METAL ",518.03,293,48,2.13125
"DECORATION HEN ON NEST, HANGING",74.42999999999999,42,6,2.505
DECORATION SITTING BUNNY,349.54,1480,83,0.422
DECORATION WHITE CHICK MAGIC GARDEN,812.86,928,145,1.007364864864865
DECORATION WOBBLY CHICKEN,319.14,560,45,1.181111111111111
DECORATION WOBBLY RABBIT METAL ,504.46,830,67,1.225820895522388
DECORATIVE CATS BATHROOM BOTTLE,1152.4,1095,186,1.9209625668449197
DECORATIVE FLORE BATHROOM BOTTLE,716.86,515,139,1.8763309352517985
DECORATIVE HANGING SHELVING UNIT,359.70000000000005,6,5,59.95
DECORATIVE PLANT POT WITH FRIEZE,584.37,73,28,8.479285714285714
DECORATIVE ROSE BATHROOM BOTTLE,1154.17,1170,163,1.7692073170731706
DECORATIVE VINTAGE COFFEE  BOX,277.0,52,22,6.240909090909091
DECORATIVE WICKER HEART LARGE,3038.1899999999996,1767,233,1.7691199999999998
DECORATIVE WICKER HEART MEDIUM,2286.97,1794,216,1.3630044843049327
DECORATIVE WICKER HEART SMALL,1062.28,1596,109,0.781578947368421
"DECOUPAGE,GREETING CARD,",158.63,357,32,0.5371874999999999
DECROTIVEVINTAGE COFFEE GRINDER BOX,71.08,12,6,6.896666666666666
DELUXE SEWING KIT ,9893.0,1411,328,7.752151515151516
DENIM PATCH PURSE PINK BUTTERFLY,357.28999999999996,216,61,1.670327868852459
DIAMANTE BOW BROOCH BLACK COLOUR,58.03,9,5,6.438
DIAMANTE BOW BROOCH GREEN COLOUR,193.2,30,18,6.483333333333333
DIAMANTE BOW BROOCH RED COLOUR,158.75,25,10,6.35
DIAMANTE HAIR GRIP PACK/2 BLACK DIA,26.52,16,10,1.6619999999999997
DIAMANTE HAIR GRIP PACK/2 CRYSTAL,74.53,45,27,1.6588888888888889
DIAMANTE HAIR GRIP PACK/2 LT ROSE,34.69,21,14,1.6528571428571428
DIAMANTE HAIR GRIP PACK/2 MONTANA,24.79,15,10,1.654
DIAMANTE HAIR GRIP PACK/2 PERIDOT,41.449999999999996,25,19,1.6605263157894736
DIAMANTE HAIR GRIP PACK/2 RUBY,41.37,25,15,1.6553333333333333
"DIAMANTE HEART SHAPED WALL MIRROR, ",3328.2,415,146,11.87312925170068
DIAMANTE NECKLACE,23.32,3,2,7.91
DIAMANTE NECKLACE BLACK ,30.12,4,3,7.54
DIAMANTE NECKLACE GREEN,29.98,4,3,7.493333333333333
DIAMANTE NECKLACE PURPLE,52.5,7,4,7.5
DIAMANTE RING ASSORTED IN BOX.,1311.3600000000001,1008,22,1.3472727272727274
DIAMOND LAS VEGAS NECKLACE 45CM,70.97,12,8,5.91375
DINOSAUR HEIGHT CHART STICKER SET,568.98,182,46,3.5830434782608696
DINOSAUR KEYRINGS ASSORTED,1460.74,6765,177,0.26303370786516855
DINOSAUR LUNCH BOX WITH CUTLERY,3127.38,1281,213,3.0350467289719627
DINOSAUR PARTY BAG + STICKER SET,1160.7099999999998,707,101,1.7907843137254902
DINOSAURS  WRITING SET ,1723.6899999999998,941,287,2.1594791666666664
DISCO BALL CHRISTMAS DECORATION,1501.4,12883,215,0.16444954128440367
DISCO BALL ROTATOR BATTERY OPERATED,1055.25,249,105,4.245238095238095
DO NOT TOUCH MY STUFF DOOR HANGER ,680.55,1196,127,1.0219847328244274
DOCTOR'S BAG SOFT TOY,1765.3999999999999,184,72,10.123333333333333
DOG AND BALL WALL ART,425.87999999999994,252,4,2.26
DOG BOWL CHASING BALL DESIGN,5381.5199999999995,1366,131,4.129848484848485
DOG BOWL VINTAGE CREAM,1757.8799999999999,390,125,4.6368
DOG LICENCE WALL ART,2081.64,408,29,5.745172413793104
DOG TOY WITH PINK CROCHET SKIRT,709.71,187,90,3.844
DOGGY RUBBER,40.32,192,29,0.21
DOILEY BISCUIT TIN,327.6,120,13,2.8592307692307695
DOILEY STORAGE TIN,3004.46,1094,122,3.103008130081301
DOILY THANK YOU CARD,313.24,741,57,0.5042105263157894
DOLLCRAFT BOY JEAN-PAUL ,373.9,82,12,4.883333333333334
DOLLCRAFT GIRL AMELIE,178.2,36,8,4.95
DOLLCRAFT GIRL AMELIE KIT,294.7,66,8,4.8500000000000005
DOLLCRAFT GIRL NICOLE,336.6,68,12,4.95
DOLLY CABINET 2 DRAWERS ,412.5,33,19,12.5
DOLLY CABINET 3 DRAWERS ,762.4499999999999,51,30,14.95
DOLLY GIRL BABY GIFT SET,6719.61,433,133,16.12609022556391
DOLLY GIRL CHILDRENS BOWL,2013.7,1622,191,1.5367708333333334
DOLLY GIRL CHILDRENS CUP,2059.03,1634,195,1.5237244897959183
DOLLY GIRL CHILDRENS EGG CUP,1252.61,950,135,1.4786029411764705
DOLLY GIRL LUNCH BOX,21609.789999999997,11780,850,2.3315268065268064
DOLLY GIRL MINI BACKPACK,2992.3900000000003,739,161,4.392682926829269
DOLLY GIRL MINI RUCKSACK,33.2,8,2,4.15
DOLLY GIRL WALL ART,1055.94,318,11,3.6090909090909093
DOLLY HONEYCOMB GARLAND,485.46,474,25,1.7524000000000002
DOLLY MIXTURE CHILDREN'S UMBRELLA,922.67,267,77,3.8718181818181816
DOLPHIN WINDMILL,2.12,1,1,2.12
DONKEY TAIL GAME ,189.54000000000002,54,4,3.66
DOOR HANGER  MUM + DADS ROOM,330.71999999999997,205,66,1.8424242424242423
DOORKNOB CERAMIC IVORY,52.199999999999996,36,1,1.45
DOORKNOB CRACKED GLAZE BLUE,238.49999999999997,162,3,1.5833333333333333
DOORKNOB CRACKED GLAZE GREEN,19.799999999999997,12,2,1.65
DOORKNOB CRACKED GLAZE IVORY,258.29999999999995,174,5,1.6099999999999999
DOORKNOB CRACKED GLAZE PINK,19.799999999999997,12,2,1.65
DOORMAT 3 SMILEY CATS,7708.48,1172,233,9.613290598290599
DOORMAT AIRMAIL ,6034.9,800,220,9.812318181818181
DOORMAT BLACK FLOCK ,10253.61,1814,195,8.510205128205127
DOORMAT CHRISTMAS VILLAGE,3354.22,590,52,11.319807692307693
DOORMAT ENGLISH ROSE ,14300.15,2035,407,8.640073710073711
DOORMAT FAIRY CAKE,23872.91,3615,365,10.12136612021858
DOORMAT FANCY FONT HOME SWEET HOME,21593.74,3245,502,9.514820717131473
DOORMAT FRIENDSHIP ,451.10999999999996,27,17,16.712352941176473
DOORMAT HEARTS,22114.42,3416,592,9.247993254637437
DOORMAT HOME SWEET HOME BLUE ,9943.7,1619,285,8.34332167832168
DOORMAT I LOVE LONDON,2678.96,364,102,9.895098039215686
DOORMAT KEEP CALM AND COME IN,38133.64,5487,728,8.776284153005465
DOORMAT MERRY CHRISTMAS RED ,5176.25,673,146,10.198027210884353
DOORMAT MULTICOLOUR STRIPE,9080.68,1491,201,9.6681592039801
DOORMAT NEIGHBOURHOOD WITCH ,2038.39,279,95,10.092842105263157
DOORMAT NEW ENGLAND,24108.39,3807,600,8.464717607973423
DOORMAT PEACE ON EARTH BLUE,3519.6600000000003,705,32,9.140625
DOORMAT RED RETROSPOT,28049.54,4088,696,8.953529411764706
DOORMAT RESPECTABLE HOUSE,5754.03,789,179,9.92530726256983
DOORMAT SPOTTY HOME SWEET HOME,13572.06,1752,480,9.204553014553015
DOORMAT TOPIARY,6009.84,904,205,8.774320388349514
DOORMAT UNION FLAG,25534.15,3751,616,8.891294498381876
DOORMAT UNION JACK GUNS AND ROSES,7580.82,1228,206,9.168653846153846
DOORMAT VINTAGE LEAF,4122.2,564,142,9.177535211267607
DOORMAT VINTAGE LEAVES DESIGN ,2881.18,430,91,7.847912087912087
DOORMAT WELCOME PUPPIES,12107.02,2064,287,8.819268292682928
DOORMAT WELCOME SUNRISE,2678.77,371,120,9.365499999999999
DOORMAT WELCOME TO OUR HOME,11539.06,1522,443,9.598148984198644
DOORSTOP FOOTBALL DESIGN,539.9,152,67,4.666716417910448
DOORSTOP RACING CAR DESIGN,269.71,122,37,3.3035135135135136
DOORSTOP RETROSPOT HEART,6525.88,1594,296,4.5645945945945945
DOTCOMGIFTSHOP TEA TOWEL,23.089999999999996,13,2,2.4699999999999998
DOUBLE CERAMIC PARLOUR HOOK,91.30000000000001,22,5,4.15
DOUGHNUT LIP GLOSS ,13695.77,10395,344,1.345436046511628
DOVE DECORATION PAINTED ZINC ,754.0300000000001,2381,79,0.6304878048780488
DRAGONS BLOOD INCENSE,104.44,423,39,0.3507692307692308
DRAWER KNOB CERAMIC BLACK,1448.6699999999998,979,88,1.6273333333333335
DRAWER KNOB CERAMIC IVORY,3147.79,2155,190,1.646020942408377
DRAWER KNOB CERAMIC RED,1058.8999999999999,714,74,1.814864864864865
DRAWER KNOB CRACKLE GLAZE BLUE,2138.6299999999997,1207,134,1.9329629629629628
DRAWER KNOB CRACKLE GLAZE GREEN,2284.12,1340,154,1.8390909090909089
DRAWER KNOB CRACKLE GLAZE IVORY,3595.3799999999997,2154,194,1.7784848484848483
DRAWER KNOB CRACKLE GLAZE PINK,2132.4999999999995,1266,153,1.8296078431372549
DRAWER KNOB VINTAGE GLASS BALL,760.8000000000001,350,54,2.269814814814815
DRAWER KNOB VINTAGE GLASS HEXAGON,627.95,295,30,2.216666666666667
DRAWER KNOB VINTAGE GLASS STAR,1198.96,556,62,2.3271875
DROP DIAMANTE EARRINGS BLACK DIAMON,41.010000000000005,14,7,2.922857142857143
DROP DIAMANTE EARRINGS CRYSTAL,76.23,26,14,2.9235714285714285
DROP DIAMANTE EARRINGS GREEN,41.080000000000005,14,9,2.9255555555555555
DROP DIAMANTE EARRINGS PURPLE,73.53,25,14,2.934285714285714
DROP EARRINGS W FLOWER & LEAF,22.58,9,7,2.5171428571428573
DUSTY PINK CHRISTMAS TREE 30CM,1.25,1,1,1.25
DUSTY PINK CHRISTMAS TREE 60CM,26.550000000000004,9,2,2.95
Dad's Cab Electronic Meter,16.94,2,2,8.47
Dotcomgiftshop Gift Voucher £10.00,74.97,9,8,8.33
Dotcomgiftshop Gift Voucher £100.00,83.33,1,1,83.33
Dotcomgiftshop Gift Voucher £20.00,167.05,10,9,16.708888888888893
Dotcomgiftshop Gift Voucher £30.00,175.53,7,7,25.075714285714287
Dotcomgiftshop Gift Voucher £40.00,100.69999999999999,3,3,33.56666666666666
Dotcomgiftshop Gift Voucher £50.00,167.56,4,4,41.89
Dr. Jam's Arouzer Stress Ball,8.34,2,2,4.17
EASTER BUNNY GARLAND OF FLOWERS,273.64,567,79,0.631625
EASTER BUNNY HANGING GARLAND,133.23,68,23,3.0243478260869567
EASTER BUNNY WITH BASKET ON BACK,72.63,108,20,0.7271428571428571
EASTER BUNNY WREATH,138.6,28,10,4.95
EASTER CRAFT 4 CHICKS ,3917.45,1933,186,2.255079365079365
EASTER CRAFT IVY WREATH WITH CHICK,1.95,1,1,1.95
EASTER DECORATION EGG BUNNY ,673.17,836,83,1.094470588235294
EASTER DECORATION HANGING BUNNY,595.85,1887,92,0.5661616161616162
EASTER DECORATION NATURAL CHICK,363.55,536,64,0.7798571428571429
EASTER DECORATION SITTING BUNNY,452.79999999999995,529,75,1.0614285714285714
EASTER TIN BUCKET,946.93,408,41,2.684878048780488
EASTER TIN BUNNY BOUQUET,2003.07,1203,158,1.9235
EASTER TIN CHICKS IN GARDEN,522.93,305,50,2.0107999999999997
EASTER TIN CHICKS PINK DAISY,1017.7699999999999,589,107,1.9718691588785044
EASTER TIN KEEPSAKE,1860.7799999999997,1126,136,1.9434306569343065
EASTER TREE YELLOW BIRDS,929.44,131,63,8.020793650793651
EAU DE NIL LOVE BIRD CANDLE,452.86,429,46,1.218913043478261
EAU DE NILE HEART SHAPE PHOTO FRAME,555.1199999999999,329,38,2.337105263157895
EAU DE NILE JEWELLED PHOTOFRAME,525.0,298,22,2.092
EAU DE NILE JEWELLED T-LIGHT HOLDER,70.27,79,11,0.9918181818181818
ECONOMY HOLIDAY PURSE,41.53,30,17,1.7123529411764706
ECONOMY LUGGAGE TAG,246.84,158,62,1.63984375
EDWARDIAN DROP EARRINGS JET BLACK,90.2,24,20,3.7600000000000002
EDWARDIAN HEART PHOTO FRAME,709.5400000000001,160,44,5.090909090909091
EDWARDIAN PARASOL BLACK,16915.72,2931,383,7.411148825065275
EDWARDIAN PARASOL NATURAL,23737.97,4077,540,7.8068265682656826
EDWARDIAN PARASOL PINK,4767.400000000001,809,170,7.292470588235294
EDWARDIAN PARASOL RED,10021.42,1710,326,7.003669724770643
EDWARDIAN PHOTO FRAME,556.21,88,32,6.4440625
EGG CUP HENRIETTA HEN CREAM ,787.52,630,48,1.7454166666666666
EGG CUP HENRIETTA HEN PINK,291.58,211,37,1.823157894736842
EGG CUP MILKMAID HEIDI,1156.93,881,83,1.769759036144578
EGG CUP MILKMAID HELGA ,586.31,410,63,1.8453968253968254
EGG CUP MILKMAID INGRID,841.31,644,76,1.7567105263157894
EGG CUP NATURAL CHICKEN,621.49,932,125,1.0416666666666667
EGG FRYING PAN BLUE ,400.84000000000003,173,76,2.511578947368421
EGG FRYING PAN IVORY ,790.7800000000001,377,96,2.3288659793814435
EGG FRYING PAN MINT ,388.75,180,69,2.287971014492754
EGG FRYING PAN PINK ,519.25,225,85,2.604418604651163
EGG FRYING PAN RED ,915.4000000000001,431,109,2.3390825688073393
EIGHT PIECE CREEPY CRAWLIE SET,7.5,6,3,1.25
EIGHT PIECE DINOSAUR SET,185.18,125,35,1.6913513513513514
EIGHT PIECE SNAKE  SET,435.79,330,84,1.4801176470588235
ELEPHANT BIRTHDAY CARD ,474.78,1110,95,0.5482105263157895
ELEPHANT CARNIVAL POUFFE,1299.83,63,47,21.961489361702128
ELEPHANT CLIP W SUCTION CUP,6.72,16,4,0.42
"ELEPHANT, BIRTHDAY CARD, ",945.46,2210,167,0.5207185628742514
ELVIS WALLHANGING / CURTAIN,69.84,52,8,1.5525
EMBOSSED GLASS TEALIGHT HOLDER,3273.5,2546,211,1.5488151658767773
EMBOSSED HEART TRINKET BOX,547.27,246,48,2.623125
EMBROIDERED RIBBON REEL CLAIRE,792.31,224,24,4.484583333333333
EMBROIDERED RIBBON REEL DAISY ,1164.98,579,71,2.3925
EMBROIDERED RIBBON REEL EMILY ,1252.01,571,98,2.3309090909090906
EMBROIDERED RIBBON REEL RACHEL ,980.41,361,44,3.0959090909090907
EMBROIDERED RIBBON REEL REBECCA ,996.38,334,63,3.4480952380952385
EMBROIDERED RIBBON REEL ROSIE,975.24,500,57,2.3164912280701753
EMBROIDERED RIBBON REEL RUBY ,600.55,167,32,3.9675
EMBROIDERED RIBBON REEL SALLY ,977.39,478,74,2.349189189189189
EMBROIDERED RIBBON REEL SOPHIE  ,1058.6,296,42,3.848181818181818
EMBROIDERED RIBBON REEL SUSIE ,1114.26,566,70,2.306
EMERGENCY FIRST AID TIN ,1572.27,1088,245,1.9077551020408163
EMPIRE BIRTHDAY CARD,538.72,1206,146,0.5998639455782312
EMPIRE DESIGN ROSETTE,3606.4199999999996,4244,28,1.227857142857143
EMPIRE GIFT WRAP,1373.5,3375,106,0.41792452830188676
EMPIRE TISSUE BOX,1030.1000000000001,1983,167,0.958502994011976
EMPIRE UNION JACK TV DINNER TRAY,2839.21,880,125,6.91288
ENAMEL BLUE RIM BISCUIT BIN,530.49,103,44,5.912272727272727
ENAMEL BLUE RIM COFFEE CONTAINER,174.09,152,26,1.6965384615384616
ENAMEL BLUE RIM TEA CONTAINER,9.18,8,3,1.6766666666666667
ENAMEL BOWL PANTRY,30.0,24,2,1.25
ENAMEL BREAD BIN CREAM,12358.33,873,454,15.894339207048457
ENAMEL COLANDER CREAM,2346.1200000000003,460,166,5.719939759036144
ENAMEL DINNER PLATE PANTRY,19.799999999999997,12,1,1.65
ENAMEL FIRE BUCKET CREAM,1854.76,246,114,8.209649122807017
ENAMEL FLOWER JUG CREAM,12647.26,2106,506,6.567013752455796
ENAMEL JUG PANTRY,30.0,8,2,3.75
ENAMEL MEASURING JUG CREAM,5507.18,1262,376,4.848253968253968
ENAMEL MUG PANTRY,15.0,12,1,1.25
ENAMEL PINK COFFEE CONTAINER,640.0899999999999,633,75,1.6557894736842105
ENAMEL PINK TEA CONTAINER,525.39,429,71,2.205277777777778
ENAMEL WASH BOWL CREAM,2855.21,742,208,4.903253588516746
ENAMEL WATERING CAN CREAM,3241.34,617,195,5.763367346938776
ENCHANTED BIRD COATHANGER 5 HOOK,3974.32,833,241,5.533209876543211
ENCHANTED BIRD PLANT CAGE,640.72,186,48,4.039791666666667
ENGLISH ROSE GARDEN SECATEURS,2048.66,2018,212,1.5555555555555556
ENGLISH ROSE HOT WATER BOTTLE,7292.45,1605,375,5.359421052631578
ENGLISH ROSE METAL WASTE BIN,59.0,20,11,2.95
ENGLISH ROSE NOTEBOOK A6 SIZE,186.56,399,21,0.6776190476190477
ENGLISH ROSE NOTEBOOK A7 SIZE,1420.96,3152,345,0.540458452722063
ENGLISH ROSE SCENTED HANGING FLOWER,665.2,548,114,1.8998260869565216
ENGLISH ROSE SCENTED HANGING HEART,17.0,4,2,4.25
ENGLISH ROSE SMALL SCENTED FLOWER,197.43,213,45,1.1552173913043478
ENGLISH ROSE SPIRIT LEVEL ,964.38,978,118,1.7283898305084744
ENVELOPE 50 BLOSSOM IMAGES,600.29,1077,158,0.6770440251572326
ENVELOPE 50 CURIOUS IMAGES,26.17,49,10,0.6154545454545454
ENVELOPE 50 ROMANTIC IMAGES,13.58,16,8,0.8477777777777777
ESSENTIAL BALM 3.5g TIN IN ENVELOPE,395.61,5884,30,0.27483870967741936
ETCHED GLASS COASTER,825.49,1618,71,0.8383561643835616
ETCHED GLASS STAR TREE DECORATION,1.25,1,1,1.25
EUCALYPTUS & PINECONE  WREATH,1511.2600000000002,378,77,5.135454545454546
FAIRY CAKE BIRTHDAY CANDLE SET,1622.24,440,92,4.016630434782608
FAIRY CAKE DESIGN UMBRELLA,1832.42,454,134,5.066865671641791
FAIRY CAKE FLANNEL ASSORTED COLOUR,18056.280000000002,10241,262,2.3184790874524714
FAIRY CAKE NOTEBOOK A5 SIZE,54.04,55,12,1.3225
FAIRY CAKES NOTEBOOK A6 SIZE,850.2,1332,155,0.9028205128205128
FAIRY CAKES NOTEBOOK A7 SIZE,892.19,2107,179,0.5567777777777778
FAIRY DREAMS INCENSE ,313.31,1264,101,0.3538613861386139
FAIRY SOAP SOAP HOLDER,478.83,266,76,2.053421052631579
FAIRY TALE COTTAGE NIGHT LIGHT,1979.34,976,115,2.5624137931034485
FAIRY TALE COTTAGE NIGHTLIGHT,3626.45,2093,94,2.392736842105263
FAMILY ALBUM WHITE PICTURE FRAME,10345.76,1197,372,10.152849462365591
FAMILY PHOTO FRAME CORNICE,8258.59,867,260,10.96038314176245
FAN BLACK FRAME ,41.47,143,12,0.29
"FANCY FONT BIRTHDAY CARD, ",2085.89,4922,323,0.509969040247678
FANCY FONTS BIRTHDAY WRAP,3409.0,8550,230,0.4182608695652174
FANNY'S REST STOPMETAL SIGN,1217.73,508,141,2.8935664335664337
FAUX FUR CHOCOLATE THROW,1474.74,87,49,18.740408163265304
FAWN AND MUSHROOM GREETING CARD,62.06,128,19,0.6605263157894736
FAWN BLUE HOT WATER BOTTLE,11443.87,3307,490,4.10572
"FEATHER PEN,COAL BLACK",1406.56,2688,175,0.7219886363636363
"FEATHER PEN,HOT PINK",2000.06,3842,239,0.6593305439330543
"FEATHER PEN,LIGHT PINK",1069.1399999999999,2059,149,0.6530666666666666
FELT EGG COSY BLUE RABBIT ,577.4399999999999,552,104,1.2758878504672895
FELT EGG COSY CHICKEN,950.4599999999999,1023,137,1.1047887323943661
FELT EGG COSY LADYBIRD ,195.97,326,51,1.0479245283018868
FELT EGG COSY WHITE RABBIT ,544.7099999999999,579,107,1.1352727272727272
FELT FARM ANIMAL CHICKEN,387.9,286,50,1.6088235294117645
FELT FARM ANIMAL HEN,332.84,481,44,1.0475555555555556
FELT FARM ANIMAL RABBIT,743.89,912,77,1.325194805194805
FELT FARM ANIMAL SHEEP,280.42,373,42,1.0997727272727273
FELT FARM ANIMAL WHITE BUNNY ,736.98,1561,96,1.0378571428571428
FELT TOADSTOOL  SMALL,602.63,629,77,1.185844155844156
FELT TOADSTOOL LARGE,836.8000000000001,657,61,1.6237704918032787
FELTCRAFT 6 FLOWER FRIENDS,12357.08,6070,547,2.455298372513562
FELTCRAFT BOY JEAN-PAUL KIT,1884.76,366,127,5.303149606299213
FELTCRAFT BUTTERFLY HEARTS,8621.14,6226,481,1.6384444444444444
FELTCRAFT CHRISTMAS FAIRY,7890.25,1915,321,4.549082568807339
FELTCRAFT CUSHION BUTTERFLY,10110.83,2759,348,4.278142857142857
FELTCRAFT CUSHION OWL,12413.89,3373,470,4.162959830866807
FELTCRAFT CUSHION RABBIT,11204.97,3086,386,4.297686375321336
FELTCRAFT DOLL EMILY,3953.4800000000005,1340,267,3.327977528089888
FELTCRAFT DOLL MARIA,564.9200000000001,196,48,3.0626530612244904
FELTCRAFT DOLL MOLLY,12001.59,4509,331,3.2667267267267266
FELTCRAFT DOLL ROSIE,5007.35,1701,301,3.38049504950495
FELTCRAFT GIRL AMELIE KIT,5059.14,1007,275,5.402599277978339
FELTCRAFT GIRL NICOLE KIT,3422.4,668,182,5.279782608695652
FELTCRAFT HAIRBAND PINK AND BLUE,774.55,856,161,1.0627777777777776
FELTCRAFT HAIRBAND PINK AND PURPLE,789.78,873,150,1.0496078431372549
FELTCRAFT HAIRBAND RED AND BLUE,830.52,918,161,1.0437037037037036
FELTCRAFT HAIRBANDS PINK AND WHITE ,872.67,933,148,1.1069127516778523
FELTCRAFT PRINCESS CHARLOTTE DOLL,9216.16,2362,449,4.118048245614035
FELTCRAFT PRINCESS LOLA DOLL,7491.83,2001,413,4.061346153846154
FELTCRAFT PRINCESS OLIVIA DOLL,5801.47,1563,290,4.235924657534247
FENG SHUI PILLAR CANDLE,630.23,3317,65,0.19
FILIGREE DIAMANTE CHAIN,12.48,1,1,12.48
FILIGREE DIAMANTE EARRINGS,55.02,13,9,4.224444444444445
FILIGREE HEART BIRD WHITE ,1960.0,1492,125,1.7907142857142857
FILIGREE HEART BUTTERFLY WHITE ,2070.06,1642,117,1.5737606837606837
FILIGREE HEART DAISY WHITE,1596.67,1247,98,1.5736363636363635
FILIGRIS HEART WITH BUTTERFLY,4848.13,3903,212,1.4722374429223746
FINE SILVER NECKLACE W PASTEL FLOWE,95.35000000000001,17,7,7.192857142857143
FINE WICKER HEART ,3301.73,2642,237,1.5268487394957984
FIRE POLISHED GLASS BRACELET BLACK,22.48,6,6,3.7466666666666666
FIRE POLISHED GLASS BRACELET GREEN,78.69,21,9,3.743333333333333
FIRE POLISHED GLASS BRACELET MONTAN,41.31,11,6,3.76
FIRE POLISHED GLASS BRACELET RED,29.96,8,3,3.736666666666667
FIRE POLISHED GLASS NECKL BRONZE,17.85,3,3,5.95
FIRE POLISHED GLASS NECKL GOLD,5.95,1,1,5.95
FIRE POLISHED GLASS NECKL GREEN,35.160000000000004,6,6,5.86
FIRST AID TIN,3722.23,1161,166,3.5810119047619047
FIRST CLASS HOLIDAY PURSE ,90.42,31,20,2.879
FIRST CLASS LUGGAGE TAG ,193.59,152,49,1.385
FIRST CLASS PASSPORT COVER ,194.94,93,43,2.251860465116279
FIVE CATS HANGING DECORATION,879.6700000000001,286,89,3.65561797752809
FIVE HEART HANGING DECORATION,1541.6200000000001,462,142,3.984685314685315
FLAG OF ST GEORGE ,37.95,23,7,1.65
FLAG OF ST GEORGE CAR FLAG,12.16,27,2,0.625
FLAG OF ST GEORGE CHAIR,185.3,38,8,5.525
FLAMES SUNGLASSES PINK LENSES,95.1,52,8,2.145
FLOOR CUSHION ELEPHANT CARNIVAL,718.14,69,35,12.1
FLOOR LAMP SHADE WOOD BASE,312.7,33,13,10.543076923076923
FLORAL BATHROOM SET,75.0,20,11,3.75
FLORAL BLUE MONSTER,21.25,5,4,4.25
FLORAL FOLK STATIONERY SET,3355.84,1937,425,2.024824355971897
FLORAL PINK MONSTER,187.54,43,16,5.078235294117647
FLORAL SOFT CAR TOY,230.81,54,30,4.7219999999999995
FLOWER BLUE CLOCK WITH SUCKER,33.64,116,8,0.29
FLOWER BURST SILVER RING CRYSTAL,48.71,13,9,3.7455555555555557
FLOWER FAIRY 5 DRAWER LINERS,150.45,59,20,2.55
FLOWER FAIRY 5 SUMMER DRAW LINERS,15.299999999999999,6,1,2.55
FLOWER FAIRY INCENSE BOUQUET,32.349999999999994,61,5,0.9039999999999999
"FLOWER FAIRY,5 SUMMER B'DRAW LINERS",267.75,105,25,2.55
FLOWER GARLAND NECKLACE RED,47.7,6,4,7.95
"FLOWER GLASS GARLAND NECKL.36""BLACK",95.35000000000001,12,5,7.94
"FLOWER GLASS GARLAND NECKL.36""BLUE",71.4,9,5,7.92
"FLOWER GLASS GARLAND NECKL.36""GREEN",31.8,4,2,7.95
"FLOWER GLASS GARLD NECKL36""AMETHYST",110.95,14,11,7.922727272727273
"FLOWER GLASS GARLD NECKL36""TURQUOIS",64.08,8,5,8.046000000000001
FLOWER PURPLE CLOCK W/SUCKER,4.25,5,3,0.85
FLOWER PURPLE CLOCK WITH SUCKER,4.35,15,3,0.29
FLOWER SHOP DESIGN MUG,1.65,1,1,1.65
FLOWER VINE RAFFIA FOOD COVER,1470.32,381,140,4.109357142857142
FLOWERS  STICKERS,245.35999999999999,257,61,1.159344262295082
FLOWERS CHANDELIER T-LIGHT HOLDER,2879.37,960,38,6.182564102564102
FLOWERS HANDBAG blue and orange,61.25,49,3,1.25
FLOWERS TILE COASTER,327.79999999999995,968,39,0.5441025641025641
FLOWERS TILE HOOK,80.16000000000001,59,13,1.907142857142857
FLUTED ANTIQUE CANDLE HOLDER,2622.93,2785,206,1.1530582524271844
FLYING PIG WATERING CAN,466.95000000000005,193,47,3.2604166666666665
FOLDING BUTTERFLY MIRROR HOT PINK ,1495.24,1867,152,1.0685620915032679
FOLDING BUTTERFLY MIRROR IVORY ,742.92,794,133,1.2622222222222224
FOLDING BUTTERFLY MIRROR RED  ,985.88,1262,99,0.9833333333333333
FOLDING CAMPING SCISSOR W/KNIF & S,3.5999999999999996,30,3,0.12
FOLDING MIRROR HOT PINK ,118.91999999999999,156,5,0.808
FOLDING MIRROR IVORY ,14.939999999999998,18,2,0.83
FOLDING MIRROR RED  ,14.939999999999998,18,2,0.83
FOLDING SHOE TIDY,8.850000000000001,3,2,2.95
FOLDING UMBRELLA BLACKBLUE POLKADOT,763.6600000000001,160,74,4.881351351351352
FOLDING UMBRELLA CHOCOLATE POLKADOT,607.23,133,59,4.667118644067797
FOLDING UMBRELLA CREAM POLKADOT,863.11,190,64,4.31640625
FOLDING UMBRELLA PINKWHITE POLKADOT,501.98,107,45,4.822666666666667
FOLDING UMBRELLA RED/WHITE POLKADOT,1616.81,346,120,4.997333333333334
FOLDING UMBRELLA WHITE/RED POLKADOT,513.02,104,36,5.247777777777778
"FOLK ART GREETING CARD,pack/12",64.9,22,9,2.95
FOLK ART METAL HEART T-LIGHT HOLDER,82.1,163,19,0.43631578947368416
FOLK ART METAL STAR T-LIGHT HOLDER,252.33,485,67,0.7286567164179104
FOLK FELT HANGING MULTICOL GARLAND,570.86,204,61,3.2162295081967214
FOLKART CHRISTMAS TREE T-LIGHT HOLD,10.260000000000002,27,2,0.38
FOLKART CLIP ON STARS,404.08,783,100,0.8463366336633662
FOLKART HEART NAPKIN RINGS,551.13,366,69,2.3904347826086956
FOLKART STAR CHRISTMAS DECORATIONS,1633.6699999999998,3581,131,0.588358208955224
FOLKART ZINC HEART CHRISTMAS DEC,2629.81,2986,244,1.1341129032258064
FOLKART ZINC STAR CHRISTMAS DEC,10.2,12,3,0.85
FOOD CONTAINER SET 3 LOVE HEART ,3936.5899999999997,2031,291,2.8124324324324323
"FOOD COVER WITH BEADS , SET 2 SIZES",11.25,3,1,3.75
FOOD COVER WITH BEADS SET 2 ,3761.63,1009,145,4.374758620689655
FOOD/DRINK SPONGE STICKERS,256.2,1220,35,0.21
FOOT STOOL HOME SWEET HOME ,5097.65,489,217,11.573870967741934
FORKED CACTUS CANDLE,319.66,100,34,3.7341176470588238
FOUR HOOK  WHITE LOVEBIRDS,3700.94,1609,399,2.8394306930693074
FOUR RABBIT EASTER DECORATIONS,104.84,72,15,1.992
FRAPPUCINO SCARF KNITTING KIT,502.74,343,73,1.9437333333333333
FREESTYLE CANVAS ART PICTURE,39.65,41,18,1.2444444444444445
FRENCH BATHROOM SIGN BLUE METAL,2511.22,1476,219,2.0876923076923077
FRENCH BLUE METAL DOOR SIGN 0,780.8,594,99,1.5481818181818183
FRENCH BLUE METAL DOOR SIGN 1,1578.39,1155,199,1.6345500000000002
FRENCH BLUE METAL DOOR SIGN 2,1389.07,1001,188,1.7276190476190476
FRENCH BLUE METAL DOOR SIGN 3,1151.56,843,160,1.671125
FRENCH BLUE METAL DOOR SIGN 4,1023.03,740,152,1.7244736842105264
FRENCH BLUE METAL DOOR SIGN 5,1157.79,842,153,1.6518709677419356
FRENCH BLUE METAL DOOR SIGN 6,973.15,710,126,1.680703125
FRENCH BLUE METAL DOOR SIGN 7,896.75,677,113,1.5951754385964911
FRENCH BLUE METAL DOOR SIGN 8,871.49,644,119,1.6489166666666668
FRENCH BLUE METAL DOOR SIGN 9,726.07,531,98,1.704
FRENCH BLUE METAL DOOR SIGN No,1308.38,993,158,1.8928481012658227
FRENCH CARRIAGE LANTERN,925.35,137,58,7.039152542372881
FRENCH CHATEAU LARGE FRUIT BOWL ,19.5,10,4,1.95
FRENCH CHATEAU LARGE PLATTER ,160.5,70,18,2.95
FRENCH CHATEAU OVAL PLATTER,29.25,15,6,1.95
FRENCH CHATEAU SMALL FRUITBOWL,51.599999999999994,24,8,2.025
FRENCH ENAMEL CANDLEHOLDER,3649.4900000000002,1693,317,2.6198136645962733
FRENCH ENAMEL POT W LID,1430.63,587,115,3.4877586206896556
FRENCH ENAMEL UTENSIL HOLDER,183.71,45,16,5.15125
FRENCH ENAMEL WATER BASIN,1273.11,411,128,4.116821705426357
FRENCH FLORAL CUSHION COVER ,774.79,674,83,1.831888888888889
FRENCH GARDEN SIGN BLUE METAL,1016.08,791,131,1.490530303030303
FRENCH KITCHEN SIGN BLUE METAL,1555.16,1240,164,1.5539156626506023
FRENCH LATTICE CUSHION COVER ,527.25,452,63,1.9052307692307693
FRENCH LAUNDRY SIGN BLUE METAL,1608.6999999999998,962,144,2.1616666666666666
FRENCH LAVENDER SCENT HEART,1055.59,1069,106,1.510462962962963
FRENCH PAISLEY CUSHION COVER,141.1,170,17,0.83
FRENCH PAISLEY CUSHION COVER ,840.4399999999999,575,105,2.385047619047619
FRENCH STYLE EMBOSSED HEART CABINET,571.43,26,22,22.25590909090909
FRENCH STYLE STORAGE JAR BONBONS,695.06,2338,74,0.3154666666666667
FRENCH STYLE STORAGE JAR CAFE ,819.4599999999999,1982,70,0.3409859154929577
FRENCH STYLE STORAGE JAR JAM,114.85,317,30,0.3516129032258064
FRENCH TOILET SIGN BLUE METAL,1692.72,1346,187,1.5178421052631579
FRENCH WC SIGN BLUE METAL,2516.75,1882,301,1.6347194719471947
FRESHWATER PEARL BRACELET GOLD,7.6499999999999995,3,2,2.55
FRESHWATER PEARL BRACELET IVORY,12.7,5,5,2.54
FRIDGE MAGNETS LA VIE EN ROSE,1154.6,1295,87,1.3801149425287356
FRIDGE MAGNETS LES ENFANTS ASSORTED,1130.77,1360,80,0.9959999999999999
FRIDGE MAGNETS US DINER ASSORTED,1422.8999999999999,1587,102,1.7672549019607842
FROG CANDLE,83.78,64,19,1.376
FROG KING WATERING CAN,26.55,9,2,2.95
FROG SOCK PUPPET,44.25000000000001,15,8,2.95
FROSTED WHITE BASE ,119.64,239,23,0.8221739130434783
FRUIT SALAD BAG CHARM,145.52,64,45,2.4153333333333333
FRUIT TREE AND BIRDS WALL PLAQUE,340.58,40,24,8.713333333333333
FRYING PAN BLUE POLKADOT,716.8,193,87,4.299540229885057
FRYING PAN PINK POLKADOT,1809.48,398,140,5.907163120567375
FRYING PAN RED POLKADOT ,4.25,1,1,4.25
FRYING PAN RED RETROSPOT,1922.34,466,166,5.3020481927710845
FRYING PAN UNION FLAG,5833.59,1333,208,6.180480769230769
FULL ENGLISH BREAKFAST PLATE,6921.15,1640,296,5.498528428093645
FUNKY DIVA PEN,7363.86,8547,233,1.107905982905983
FUNKY FLOWER PICNIC BAG FOR 4,33.9,2,2,16.95
FUNKY MONKEY CUSHION COVER,317.16999999999996,232,46,2.807608695652174
FUNKY MONKEY GIFT BAG MEDIUM,173.12,371,41,0.6314634146341463
FUNKY MONKEY MUG,1.25,1,1,1.25
FUNKY WASHING UP GLOVES ASSORTED,2041.5200000000002,971,198,2.3687192118226603
FUSCHIA FLOWER PURSE WITH BEADS,145.17,159,14,0.9714285714285714
FUSCHIA RETRO BAR STOOL,523.3000000000001,14,5,39.15
FUSCHIA TABLE RUN FLOWER ,38.75,27,5,1.75
FUSCHIA VOILE POINTY SHOE DEC,50.31,97,15,0.702
GAOLERS KEYS DECORATIVE GARDEN ,3475.73,935,214,3.968046511627907
GARAGE KEY FOB,565.8100000000001,777,147,0.9082432432432431
GARDEN METAL SIGN ,203.20999999999998,114,29,2.1710344827586208
GARDEN PATH JOURNAL,621.1899999999999,247,65,2.752153846153846
GARDEN PATH NOTEBOOK ,24.75,15,8,1.65
GARDEN PATH POCKET BOOK,58.65,69,21,0.85
GARDEN PATH SKETCHBOOK,493.57,122,57,4.450862068965517
GARDENERS KNEELING PAD,3.36,1,1,3.36
GARDENERS KNEELING PAD CUP OF TEA ,11785.99,6809,758,1.9087597911227152
GARDENERS KNEELING PAD KEEP CALM ,16327.349999999999,8807,913,1.9439673913043478
GARDENIA 1 WICK MORRIS BOXED CANDLE,730.93,213,61,3.9792307692307687
GARDENIA 3 WICK MORRIS BOXED CANDLE,799.24,278,83,3.8951162790697675
GARLAND WITH HEARTS AND BELLS,1746.27,393,100,5.1794
GARLAND WITH STARS AND BELLS,2280.4700000000003,549,112,4.661504424778761
GARLAND WOODEN HAPPY EASTER,2609.43,1952,239,1.610539419087137
"GARLAND, MAGIC GARDEN 1.8M",23.4,12,1,1.95
"GARLAND, VINTAGE BELLS",265.88,92,10,2.89
GEMSTONE CHANDELIER T-LIGHT HOLDER,347.70000000000005,78,7,4.835714285714286
GENTLEMAN SHIRT REPAIR KIT ,1837.4699999999998,2166,170,1.1379411764705882
GEORGIAN TRINKET BOX,1706.5,143,61,12.411475409836067
GIANT 50'S CHRISTMAS CRACKER,7053.57,2661,333,2.805680473372781
GIANT MEDINA STAMPED METAL BOWL ,19.9,2,2,9.95
GIFT BAG BIRTHDAY,575.4200000000001,940,77,0.6137179487179487
GIFT BAG LARGE 50'S CHRISTMAS,30.0,24,2,1.25
GIFT BAG LARGE SPOT ,120.0,96,6,1.25
GIFT BAG LARGE VINTAGE CHRISTMAS,185.0,148,9,1.25
GIFT BAG PSYCHEDELIC APPLES,722.6700000000001,1171,139,0.7051079136690648
GIN & TONIC DIET GREETING CARD ,1389.22,3299,246,0.510609756097561
GIN + TONIC DIET METAL SIGN,25792.47,11709,759,2.7445669291338586
GIN AND TONIC DIET METAL SIGN,1237.5,498,50,3.1483999999999996
GIN AND TONIC MUG,4141.179999999999,2974,295,2.014203389830508
GINGERBREAD MAN COOKIE CUTTER,9202.15,7440,670,1.4521260997067449
GINGHAM BABUSHKA DOORSTOP,402.74,210,42,2.394285714285714
GINGHAM HEART  DOORSTOP RED,2961.83,785,241,4.917489711934157
GINGHAM HEART DECORATION,5114.41,6139,413,1.0084761904761905
GINGHAM OVEN GLOVE RED HEART ,26.490000000000002,5,3,5.04
GINGHAM RECIPE BOOK BOX,2509.62,462,135,6.186740740740741
GINGHAM ROSE WRAP,768.18,1829,73,0.42
GIRAFFE WOODEN RULER,7604.889999999999,3887,274,2.273655913978495
GIRLS ALPHABET IRON ON PATCHES ,2678.33,12442,147,0.3868027210884354
GIRLS PARTY BAG,144.43,47,13,3.1330769230769233
GIRLS VINTAGE TIN SEASIDE BUCKET,3507.17,1330,231,3.261293103448276
GIRLY PINK TOOL SET,24.75,5,1,4.95
GLAMOROUS  MUG,1454.98,1292,142,1.6714685314685316
GLASS  BEURRE DISH,3709.78,878,212,5.628215962441314
GLASS  SONGBIRD STORAGE JAR,2065.14,169,73,13.034794520547944
GLASS AND BEADS BRACELET IVORY,33.69,9,4,3.735
GLASS AND PAINTED BEADS BRACELET OL,48.77,13,8,3.7525
GLASS AND PAINTED BEADS BRACELET TO,56.15,15,10,3.7399999999999998
GLASS APOTHECARY BOTTLE ELIXIR,3419.5800000000004,856,209,4.863838862559241
GLASS APOTHECARY BOTTLE PERFUME,4197.110000000001,1071,246,4.62991935483871
GLASS APOTHECARY BOTTLE TONIC,3674.1600000000003,924,223,4.672946428571429
GLASS BEAD HOOP EARRINGS AMETHYST,28.4,9,6,3.2583333333333333
GLASS BEAD HOOP EARRINGS BLACK,17.66,6,3,2.936666666666667
GLASS BEAD HOOP EARRINGS GREEN,14.5,5,5,2.9
GLASS BEAD HOOP EARRINGS MONTANA,8.76,3,3,2.92
GLASS BEAD HOOP NECKLACE AMETHYST,25.5,3,3,8.5
GLASS BEAD HOOP NECKLACE BLACK,17.0,2,1,8.5
GLASS BEAD HOOP NECKLACE GREEN,33.82,4,3,8.44
GLASS BEAD HOOP NECKLACE MONTANA,25.32,3,3,8.44
GLASS BELL JAR LARGE,17.0,2,1,8.5
GLASS BELL JAR SMALL,15.8,4,1,3.95
GLASS BON BON JAR,4215.78,2354,225,2.380175438596491
GLASS BONNE JAM JAR,500.82000000000005,120,27,4.441851851851852
GLASS CAKE COVER AND PLATE,29.9,2,1,14.95
GLASS CHALICE BLUE SMALL ,421.78,694,49,1.318
GLASS CHALICE GREEN  LARGE ,364.22,197,19,2.941
GLASS CHALICE GREEN  SMALL ,175.78,161,19,1.9857894736842103
GLASS CLOCHE LARGE,2934.53,350,57,10.711929824561404
GLASS CLOCHE SMALL,3131.02,804,142,4.9038775510204085
GLASS HEART T-LIGHT HOLDER ,2893.77,3321,214,1.149158878504673
GLASS JAR DAISY FRESH COTTON WOOL,2592.33,727,268,4.470148698884758
GLASS JAR DIGESTIVE BISCUITS,2001.32,616,164,4.1715757575757575
GLASS JAR ENGLISH CONFECTIONERY,3192.82,1010,214,3.937720930232558
GLASS JAR KINGS CHOICE,605.7700000000001,183,81,3.6571604938271607
GLASS JAR MARMALADE ,1380.8,480,81,3.7919277108433738
GLASS JAR PEACOCK BATH SALTS,1329.44,408,133,4.104586466165413
GLASS SONGBIRD STORAGE JAR,126.7,11,3,12.049999999999999
GLASS SPHERE CANDLE STAND MEDIUM,684.08,111,34,6.655142857142858
GLASS STAR FROSTED T-LIGHT HOLDER,2514.4300000000003,517,131,5.356641221374046
GLASS TWIST BON BON JAR,575.25,74,24,8.714583333333332
GLITTER BUTTERFLY CLIPS,3074.7799999999997,1128,241,3.1662903225806454
GLITTER CHRISTMAS HEART ,231.82,268,21,0.9162499999999999
GLITTER CHRISTMAS STAR ,1066.65,2470,124,0.544812030075188
GLITTER CHRISTMAS TREE,410.91,906,58,0.5645901639344262
GLITTER CHRISTMAS TREE WITH BELLS,719.3,698,97,1.324059405940594
GLITTER HANGING BUTTERFLY STRING,2722.9500000000003,1314,194,2.452060301507538
GLITTER HEART DECORATION,1088.5900000000001,2469,142,0.5535064935064935
GLITTER HEART GARLAND WITH BELLS ,1368.47,329,90,5.040869565217391
GLITTER SNOW PEAR TREE DECORATION,28.999999999999996,20,3,1.45
GLITTER STAR GARLAND WITH BELLS ,1037.05,251,62,5.067142857142858
GLOW IN DARK DOLPHINS,28.98,138,31,0.21
GOLD APERITIF GLASS,34.32,88,2,0.39
GOLD COSMETIC BAG PINK STAR,4.2,2,2,2.1
GOLD COSMETICS BAG WITH BUTTERFLY,2.1,1,1,2.1
GOLD DIAMANTE STAR BROOCH,59.800000000000004,12,9,4.9944444444444445
GOLD EAR MUFF HEADPHONES,212.26,35,25,6.073200000000001
GOLD FABRIC MIRROR,86.76,180,29,0.716
GOLD FISHING GNOME,546.6,68,36,10.019166666666667
GOLD FLOWER CUSHION COVER ,15.6,8,2,1.95
GOLD M PEARL  ORBIT NECKLACE,152.84,15,13,10.226153846153846
GOLD M.O.P ORBIT BRACELET,96.52000000000001,18,18,5.362222222222223
GOLD M.O.P ORBIT DROP EARRINGS,92.28,22,17,4.19
GOLD M.O.P. ORBIT NECKLACE,5.9,2,2,2.95
GOLD MINI TAPE MEASURE ,956.36,1234,205,0.845873786407767
GOLD MUG BONE CHINA TREE OF LIFE,969.64,770,74,2.222
GOLD PHOTO FRAME,466.53000000000003,216,39,2.737948717948718
GOLD PRINT PAPER BAG,3.6100000000000003,19,2,0.19
GOLD SCROLL GLASS T-LIGHT HOLDER,137.22000000000003,80,5,1.8150000000000002
GOLD STANDING GNOME,398.02,106,28,5.6049999999999995
GOLD TEDDY BEAR,42.7,15,5,5.54
GOLD WASHBAG,54.57,27,10,2.026
GOLD WINE GOBLET,129.56,164,8,0.79
GOLD/AMBER DROP EARRINGS W LEAF,38.18,13,7,2.924285714285714
GOLD/M.O.P PENDANT ORBIT NECKLACE,184.66,22,19,8.39578947368421
GOLDIE LOOKING MIRROR,84.15,17,6,4.95
GRAND CHOCOLATECANDLE,8196.0,5958,292,1.5990443686006826
GRASS HOPPER WOODEN WALL CLOCK ,374.12,272,34,2.9629411764705886
GREEN  DIAMANTE PEN IN GIFT BOX,178.89,76,33,2.7533333333333334
GREEN 3 PIECE POLKADOT CUTLERY SET,3110.9100000000003,850,79,4.340506329113924
GREEN BIRDHOUSE DECORATION,307.94,437,59,1.0454237288135593
GREEN BITTY LIGHT CHAIN,383.25,194,60,2.819166666666667
GREEN CAT FLORAL CUSHION COVER ,345.17,73,54,4.981111111111112
GREEN CHRISTMAS TREE CARD HOLDER,3245.68,1266,192,3.9398969072164944
GREEN CHRISTMAS TREE STRING 20LIGHT,191.1,42,11,4.886363636363637
GREEN CRYSTAL DROP EARRINGS,5.8,2,2,2.9
GREEN DRAWER KNOB ACRYLIC EDWARDIAN,2739.4,2075,191,1.5244102564102564
GREEN DROP EARRINGS W BEAD CLUSTER,40.03,12,8,3.3325
GREEN EASTER EGG HUNT START POST,56.779999999999994,28,11,2.148181818181818
GREEN ENAMEL FLOWER HAIR TIE,58.71,20,14,2.932857142857143
GREEN ENAMEL FLOWER RING,225.84,77,31,2.9203225806451614
GREEN ENAMEL+GLASS HAIR COMB,355.64,184,54,2.074
GREEN FERN JOURNAL ,438.57,176,55,2.647272727272727
GREEN FERN NOTEBOOK,141.23999999999998,86,44,1.6406666666666667
GREEN FERN POCKET BOOK,53.55,63,22,0.85
GREEN FERN SKETCHBOOK ,420.08,106,56,4.153214285714286
GREEN GEISHA GIRL ,146.05,46,28,3.1614285714285715
GREEN GIANT GARDEN THERMOMETER,2704.71,430,148,6.6860135135135135
GREEN GLASS TASSLE BAG CHARM,79.76,35,16,2.130625
GREEN GOOSE FEATHER CHRISTMAS TREE ,672.09,187,45,5.107777777777778
GREEN GOOSE FEATHER TREE 60CM,349.17,167,42,2.4969767441860466
GREEN HEART COMPACT MIRROR,315.81,218,33,2.417058823529412
GREEN HEART OF GLASS BRACELET,83.29,14,6,5.948333333333333
GREEN JUICY FRUIT PHOTO FRAME,261.89,94,39,2.9928205128205128
GREEN LEAVES AND BEADS PHONE CHARM,4.97,2,2,2.485
GREEN METAL BOX ARMY SUPPLIES,3906.25,467,135,9.44148148148148
GREEN METAL BOX TOP SECRET,132.0,16,4,8.25
GREEN METAL SWINGING BUNNY,278.16999999999996,319,42,0.9799999999999999
GREEN MURANO TWIST BRACELET,215.20000000000002,51,22,4.202272727272727
GREEN MURANO TWIST NECKLACE,109.53999999999999,11,8,9.96125
GREEN PAIR HEART HAIR SLIDES,86.11,23,14,3.744285714285714
GREEN PENDANT SHELL NECKLACE,5.09,1,1,5.09
GREEN PENDANT TRIPLE SHELL NECKLACE,63.11,12,10,5.321
GREEN PEONY CUSHION COVER,88.35000000000001,19,6,4.65
GREEN POLKADOT BOWL,2016.23,1563,205,1.5633009708737866
GREEN POLKADOT PLATE ,1787.1999999999998,1075,128,2.006124031007752
GREEN POP ART MAO CUSHION COVER ,2.2800000000000002,12,2,0.19
GREEN REGENCY TEACUP AND SAUCER,22755.5,7278,1013,3.835362035225049
GREEN ROSE WASHBAG,1132.85,323,160,3.4332098765432097
GREEN ROUND COMPACT MIRROR,210.56,144,21,2.32
GREEN SQUARE COMPACT MIRROR,203.51,131,20,2.5524999999999998
GREEN STONE/CRYSTAL EARRINGS,40.95,14,13,2.9223076923076925
GREEN SWEETHEART BRACELET,423.41,103,44,4.187727272727273
GREEN VINTAGE EARRINGS ,158.08,39,28,4.115357142857143
GREEN VINTAGE SPOT BEAKER,4444.2300000000005,4625,185,1.0418817204301074
GREEN WIRE STANDING CANDLE HOLDER,157.34,38,18,4.368333333333333
GREEN WITH METAL BAG CHARM,14.850000000000001,3,1,4.95
GREEN/BLUE CERAMIC CANDLE HOLDER,13.2,8,1,1.65
GREEN/BLUE FLOWER DESIGN BIG MUG,13.65,23,8,0.78
"GREETING CARD, OVERCROWDED POOL.",74.7,270,53,0.4033962264150943
"GREETING CARD, STICKY GORDON",70.78,245,53,0.43150943396226416
"GREETING CARD, TWO SISTERS.",53.88,127,40,0.5189999999999999
"GREETING CARD,SQUARE, DOUGHNUTS",80.46,174,27,0.6629629629629629
GREY ACRYLIC FACETED BANGLE,57.55,34,10,2.415
GREY FLORAL FELTCRAFT SHOULDER BAG,1027.94,265,83,4.115301204819277
GREY HEART HOT WATER BOTTLE,12763.08,3220,561,4.404398625429553
GROOVY CACTUS INFLATABLE,119.08999999999999,303,22,0.41090909090909095
GROW A FLYTRAP OR SUNFLOWER IN TIN,17927.45,16244,305,1.4859344262295082
GROW YOUR OWN BASIL IN ENAMEL MUG,2292.9100000000003,1047,219,2.5595475113122172
GROW YOUR OWN FLOWERS SET OF 3,1241.3,296,78,6.787179487179487
GROW YOUR OWN HERBS SET OF 3,1391.74,164,90,8.745333333333333
GROW YOUR OWN PLANT IN A CAN ,1106.62,838,57,1.7921052631578949
GUMBALL COAT RACK,18798.670000000002,7926,681,2.8794049346879533
GUMBALL MAGAZINE RACK,5191.01,621,232,9.835818965517243
GUMBALL MONOCHROME COAT RACK,895.72,620,109,2.0745454545454542
GYMKHANA TREASURE BOOK BOX,3815.5299999999997,1715,200,2.7494581280788175
GYMKHANNA TREASURE BOOK BOX,261.84000000000003,120,14,2.189285714285714
HAIRCLIPS FORTIES FABRIC ASSORTED,572.26,1322,61,0.5670491803278689
HALL CABINET WITH 3 DRAWERS,2603.5299999999997,76,5,56.508
HAND OPEN SHAPE DECO.WHITE,270.02000000000004,92,5,3.0840000000000005
HAND OPEN SHAPE GOLD,677.34,198,30,3.6971875
HAND OVER THE CHOCOLATE   SIGN ,15928.730000000001,8246,677,2.3584683357879235
HAND PAINTED HANGING EASTER EGG,9.24,22,3,0.42
HAND TOWEL PALE BLUE W FLOWERS,453.39,223,29,3.9479310344827585
HAND TOWEL PINK FLOWER AND DAISY,372.33,217,23,3.890869565217391
HAND WARMER BABUSHKA DESIGN,7105.33,4941,368,2.229490616621984
HAND WARMER BIRD DESIGN,14061.890000000001,6433,554,2.401336898395722
HAND WARMER OWL DESIGN,17786.13,8439,654,2.359009009009009
HAND WARMER RED LOVE HEART,8855.51,3986,397,2.2266262135922332
HAND WARMER RED POLKA DOT,225.00000000000003,120,18,1.8638888888888892
HAND WARMER RED RETROSPOT,8757.830000000002,4348,374,2.2287401574803147
HAND WARMER SCOTTY DOG DESIGN,14366.52,6611,548,2.3365124555160146
HAND WARMER UNION JACK,10023.720000000001,4851,479,2.1974036511156188
HANGING  BUTTERFLY T-LIGHT HOLDER,1636.36,1328,73,2.409054054054054
HANGING BAUBLE T-LIGHT HOLDER LARGE,108.71000000000001,33,15,3.707333333333333
HANGING BAUBLE T-LIGHT HOLDER SMALL,609.02,268,26,3.0580769230769227
HANGING BUTTERFLY  EGG,7.6499999999999995,9,3,0.85
HANGING CHICK  YELLOW DECORATION,1604.51,1136,112,1.5945689655172415
HANGING CHICK CREAM DECORATION,1906.02,1289,120,1.6335245901639344
HANGING CHICK GREEN DECORATION,1335.87,903,122,1.7224
HANGING CLEAR MINI BOTTLE,1051.14,1734,41,0.7871428571428571
HANGING ENGRAVED METAL HEART,1236.66,294,78,4.351951219512196
HANGING FAIRY CAKE DECORATION,1484.3,820,72,2.546081081081081
HANGING GLASS ETCHED TEALIGHT,198.57,127,11,1.7690909090909093
HANGING HEART BASKET,23.1,11,3,2.1
HANGING HEART BONHEUR,535.35,606,69,1.0450666666666666
HANGING HEART JAR T-LIGHT HOLDER,16453.78,12493,728,1.4836289222373806
HANGING HEART MIRROR DECORATION ,1708.0700000000002,2341,289,0.8917940199335549
HANGING HEART WITH BELL,2374.7999999999997,4619,219,0.9162995594713657
HANGING HEART ZINC T-LIGHT HOLDER,8146.799999999999,9117,603,1.244759535655058
HANGING HEN ON NEST DECORATION,1418.82,828,114,2.0156410256410253
HANGING JAM JAR T-LIGHT HOLDER,8560.84,10792,348,0.9102578796561605
HANGING JAM JAR T-LIGHT HOLDERS,2298.0499999999997,2813,92,1.0443478260869565
HANGING MEDINA LANTERN SMALL,259.67,81,28,3.4785714285714286
HANGING METAL CHICKEN DECORATION,193.52,148,34,1.4934285714285713
HANGING METAL HEART LANTERN,5485.629999999999,3402,351,1.9432294617563741
HANGING METAL RABBIT DECORATION,616.95,474,58,1.6053225806451612
HANGING METAL STAR LANTERN,3141.5399999999995,2053,198,1.87605
HANGING MINI COLOURED BOTTLES,2237.08,3442,76,2.638026315789473
HANGING PHOTO CLIP ROPE LADDER,1274.1699999999998,746,86,2.4241860465116276
HANGING QUILTED PATCHWORK APPLES,1108.58,1258,89,1.5002247191011233
HANGING RIDGE GLASS T-LIGHT HOLDER,60.84,36,2,1.69
HANGING SPRING FLOWER EGG LARGE,822.89,947,73,1.02986301369863
HANGING SPRING FLOWER EGG SMALL,489.17,1197,72,0.6436111111111111
HANGING WOOD AND FELT BUTTERFLY ,408.99,895,127,0.5677272727272727
HANGING WOOD AND FELT FLOWER,325.35999999999996,2050,104,0.3334285714285714
HANGING WOOD AND FELT HEART,313.13,672,106,0.5484821428571428
HAPPY BIRTHDAY CARD STRIPEY TEDDY,2.47,13,2,0.19
HAPPY BIRTHDAY CARD TEDDY/CAKE,0.95,5,1,0.19
HAPPY EASTER HANGING DECORATION,942.1999999999999,243,53,4.418
HAPPY STENCIL CRAFT,3348.1800000000003,2823,281,1.3495070422535211
HARDMAN MUG 3 ASSORTED,32.03,64,13,0.9338461538461539
HAWAIIAN GRASS SKIRT ,380.36,324,28,1.4353571428571428
HAYNES CAMPER SHOULDER BAG,16.63,1,1,16.63
HEADS AND TAILS SPORTING FUN,2348.94,1975,209,1.4097641509433962
HEART BEADED TRELLIS DECORATION,528.1700000000001,249,42,2.2197727272727272
HEART BUTTONS JEWELLERY BOX,356.11,68,30,5.318666666666667
HEART CALCULATOR,1540.59,1179,131,1.6459558823529412
HEART DECORATION PAINTED ZINC ,1668.89,2380,225,0.9153478260869565
HEART DECORATION RUSTIC HANGING ,1645.75,5083,340,0.5981792717086835
HEART DECORATION WITH PEARLS ,2113.1299999999997,2196,256,1.1691570881226052
HEART FILIGREE DOVE  SMALL,6805.08,5457,299,1.453355048859935
HEART FILIGREE DOVE LARGE,4613.969999999999,2789,250,1.9075984251968503
HEART GARLAND RUSTIC PADDED,841.24,264,91,3.2348913043478262
HEART IVORY TRELLIS LARGE,5247.719999999999,3140,318,1.8795412844036699
HEART IVORY TRELLIS SMALL,5459.91,4164,378,1.746631853785901
HEART MINI PORTRAIT FRAME,1021.76,518,87,2.07183908045977
HEART MIRROR ANTIQUE WHITE,2354.8,358,76,7.724415584415584
HEART OF WICKER LARGE,30098.11,9887,925,3.2850427350427354
HEART OF WICKER SMALL,32094.6,17963,1201,1.959712879409352
HEART SHAPE WIRELESS DOORBELL,795.83,444,49,2.0834615384615387
HEART SHAPED HOLLY WREATH,3999.5000000000005,950,172,4.576279069767442
HEART SHAPED MIRROR,8.45,5,2,1.69
HEART STRING MEMO HOLDER HANGING,1042.78,875,122,1.7872580645161291
HEART T-LIGHT HOLDER,144.52,146,10,1.541
HEART T-LIGHT HOLDER ,111.77,74,15,1.7293749999999999
HEART T-LIGHT HOLDER WILLIE WINKIE,1649.0499999999997,969,112,1.8786725663716815
HEART TRELLIS TRIPLE T-LIGHT HOLDER,395.11,129,30,3.8125806451612902
HEART TRELLISTRIPLE T-LIGHT HOLDER,152.24,56,5,2.81
HEART WOODEN CHRISTMAS DECORATION,2199.5899999999997,2333,222,1.113125
HEART WREATH DECORATION WITH BELL,2845.89,2284,185,1.4963157894736843
HEARTS  STICKERS,737.8399999999999,835,119,1.0332773109243696
HEARTS GIFT TAPE,385.47,1176,94,0.5863157894736841
HEARTS WRAPPING TAPE ,3.25,5,3,0.65
HEAVENS SCENT FRAGRANCE OILS ASSTD,20.88,72,1,0.29
HELLO SAILOR BATHROOM SET,52.5,14,9,3.75
HELLO SAILOR BLUE SOAP HOLDER,344.34000000000003,180,53,2.3567924528301885
HEN HOUSE DECORATION,1597.0699999999997,927,131,2.036212121212121
HEN HOUSE W CHICK IN NEST,0.42,1,1,0.42
HEN HOUSE W CHICK STANDING,118.21,283,24,0.5554166666666667
HEN HOUSE W FAMILY IN BARN & NEST,36.21,51,10,0.829
HEN HOUSE WITH CHICK STANDING,5.88,14,3,0.42
HEN PARTY CORDON BARRIER TAPE,241.38,197,40,1.3907500000000002
HENRIETTA HEN MUG ,534.66,306,42,2.2404761904761905
HERB MARKER BASIL,2153.34,3423,242,0.8603278688524589
HERB MARKER CHIVES ,1180.8700000000001,1716,209,0.8432380952380953
HERB MARKER MINT,1221.8600000000001,1753,240,0.8413168724279835
HERB MARKER PARSLEY,1275.3500000000001,1869,238,0.8506224066390041
HERB MARKER ROSEMARY,1340.22,1937,240,0.8511618257261411
HERB MARKER THYME,1314.21,1905,237,0.8502066115702479
HI TEC ALPINE HAND WARMER,956.36,841,107,2.124351851851852
HILDA CANDY SPOT RABBIT,109.23,25,16,4.660588235294118
HIPPY CHIC DECORATIVE PARASOL,896.01,169,27,8.337407407407408
HOLIDAY FUN LUDO,4194.89,1162,217,4.441428571428571
HOLLY TOP CHRISTMAS STOCKING,17.0,20,7,0.85
HOME BUILDING BLOCK WORD,16923.47,2759,777,6.629308578745198
HOME GARLAND PAINTED ZINC ,1111.58,997,128,1.840078125
HOME SMALL WOOD LETTERS,1403.94,243,125,6.5088372093023255
HOME SWEEET HOME 3 PEG HANGER ,93.75,25,4,3.75
HOME SWEET HOME 2 DRAWER CABINET,1311.48,252,70,5.985492957746479
HOME SWEET HOME 3 PEG HANGER ,1053.53,271,64,4.49640625
HOME SWEET HOME BLACKBOARD,4561.76,1011,169,6.0208875739644965
HOME SWEET HOME BOTTLE ,1043.72,473,86,2.6725581395348836
HOME SWEET HOME CUSHION COVER ,3207.91,801,229,4.481428571428571
HOME SWEET HOME HANGING HEART,1745.55,1914,225,1.1070085470085471
HOME SWEET HOME HOOK,412.17999999999995,328,47,1.4517021276595745
HOME SWEET HOME KEY HOLDER,2422.6600000000003,456,111,7.10990990990991
HOME SWEET HOME METAL SIGN ,5155.9800000000005,1766,282,3.292605633802817
HOME SWEET HOME MUG,6932.78,5411,349,1.7194857142857145
HOMEMADE JAM SCENTED CANDLES,18771.149999999998,12520,646,1.7925077399380807
"HOOK, 1 HANGER ,MAGIC GARDEN",1070.0,1262,98,1.1806060606060607
HORSE & PONY WALL ART,797.3100000000001,256,17,3.594705882352941
HOT BATHS METAL SIGN,16946.260000000002,7258,609,2.955829307568438
HOT BATHS SOAP HOLDER,859.0,494,114,1.8581739130434782
HOT STUFF HOT WATER BOTTLE,2008.38,594,89,4.198539325842697
HOT WATER BOTTLE BABUSHKA ,5620.7300000000005,1165,177,5.569945945945946
HOT WATER BOTTLE BABUSHKA LARGE,37.2,8,1,4.65
HOT WATER BOTTLE I AM SO POORLY,17892.96,3441,657,5.887280966767372
HOT WATER BOTTLE KEEP CALM,28718.800000000003,5816,782,5.271557788944723
HOT WATER BOTTLE SEX BOMB,1982.0500000000002,450,102,5.005242718446602
HOT WATER BOTTLE TEA AND SYMPATHY,32973.44,5740,643,5.024473684210526
HOUSE SHAPE PENCIL SHARPENER,407.71999999999997,3048,100,0.5172
HOUSE WRECKING METAL SIGN ,105.0,50,23,2.1
HYACINTH BULB T-LIGHT CANDLES,569.68,1314,43,0.6895652173913043
High Resolution Image,27.0,4,3,8.5
I CAN ONLY PLEASE ONE PERSON MUG,1851.46,1407,163,1.5759393939393938
I LOVE LONDON BABY GIFT SET,4082.5199999999995,263,103,15.988252427184465
I LOVE LONDON BEAKER,1077.3,860,97,1.5569387755102042
I LOVE LONDON WALL ART,59.400000000000006,12,2,4.95
I'M ON HOLIDAY METAL SIGN,5027.18,2371,367,2.3004347826086957
ICE CREAM BUBBLES,2161.24,2668,101,0.8659803921568627
ICE CREAM DESIGN GARDEN PARASOL,1429.82,240,72,9.33361111111111
ICE CREAM PEN LIP GLOSS ,8553.34,6831,257,1.4267315175097277
ICE CREAM SUNDAE LIP GLOSS,9935.76,8076,277,1.35028880866426
ICON MUG REVOLUTIONARY,284.49,703,81,0.4107228915662651
ICON PLACEMAT POP ART ELVIS,134.37,832,33,0.7481818181818181
IF YOU CAN'T STAND THE HEAT MUG,1834.3,1618,116,1.6102586206896552
ILLUSTRATED CAT BOWL ,3822.1199999999994,1410,120,3.13900826446281
INCENSE BAZAAR PEACH,2.52,6,1,0.42
INFLATABLE POLITICAL GLOBE ,759.89,860,71,1.086619718309859
IVORY CAFE HANGING LAMP ,1380.42,116,45,12.867111111111111
IVORY CHANDELIER T-LIGHT HOLDER,1395.18,657,38,5.62125
IVORY DINER WALL CLOCK,11911.65,1445,415,8.85322966507177
IVORY EMBROIDERED QUILT ,2038.0900000000001,54,31,38.972903225806455
IVORY ENCHANTED FOREST PLACEMAT,1021.35,513,91,2.371868131868132
IVORY GIANT GARDEN THERMOMETER,3656.8500000000004,594,195,6.2895408163265305
IVORY GOLD METAL BAG CHARM,34.77,5,3,8.290000000000001
IVORY HANGING DECORATION  BIRD,964.2299999999999,1113,128,0.9474626865671641
IVORY HANGING DECORATION  EGG,285.64,709,51,0.5614545454545454
IVORY HANGING DECORATION  HEART,3442.45,3883,317,1.1086196319018404
IVORY KITCHEN SCALES,16378.710000000001,1883,711,9.46253164556962
IVORY KNITTED MUG COSY ,1296.23,668,109,2.583693693693694
IVORY LOVE BIRD CANDLE,813.02,812,88,1.3231460674157303
IVORY PANTRY HANGING LAMP ,25.0,2,1,12.5
IVORY PAPER CUP CAKE CASES ,744.35,1087,124,0.9225396825396827
IVORY PENDANT TRIPLE SHELL NECKLACE,44.86,9,5,5.0120000000000005
IVORY PILLAR CANDLE GOLD FLOCK,421.13000000000005,144,30,3.036666666666667
IVORY PILLAR CANDLE SILVER FLOCK,916.9900000000001,451,76,2.8266233766233766
IVORY REFECTORY CLOCK,2094.24,213,86,10.776511627906977
IVORY RETRO KITCHEN WALL CLOCK,675.91,77,33,9.915454545454546
IVORY SCULPTED RND CANDLE ,37.4,44,7,0.85
IVORY SHELL HEART EARRINGS,25.07,10,9,2.502222222222222
IVORY SHELL HEART NECKLACE,103.13,21,8,5.855
IVORY STRING CURTAIN WITH POLE ,440.62,170,28,4.99
IVORY SWEETHEART SOAP DISH,390.75000000000006,148,49,2.9436734693877553
IVORY SWEETHEART WIRE LETTER RACK ,2080.65,554,159,3.9519374999999997
IVORY WICKER HEART LARGE,3542.7099999999996,2059,287,1.7616891891891888
IVORY WICKER HEART MEDIUM,2695.45,2089,233,1.3329218106995884
IVORY WICKER HEART SMALL,1491.75,2271,130,0.7883823529411764
IVORY WIRE KITCHEN ORGANISER,1220.8200000000002,121,40,11.11675
IVORY WIRE SWEETHEART LETTER TRAY,511.89,135,49,4.034081632653061
IVY HEART WREATH,155.6,18,11,8.610000000000001
JADE CRYSTAL+GLASS BRACELET,29.93,6,6,4.988333333333333
JADE DROP EARRINGS W FILIGREE,209.10000000000002,42,25,4.9956
JADE GREEN ENAMEL HAIR COMB,28.02,14,10,2.022
JAM CLOCK MAGNET,936.89,327,68,3.360294117647059
JAM JAR WITH BLUE LID,17.28,24,1,0.72
JAM JAR WITH GREEN LID,2760.71,3266,306,1.0840259740259741
JAM JAR WITH PINK LID,3288.11,3896,342,1.058187134502924
JAM MAKING SET PRINTED,25637.78,16396,1162,1.9049140893470793
JAM MAKING SET WITH JARS,37082.13,8695,1132,5.077669902912621
JARDIN ETCHED GLASS BUTTER DISH,7.25,1,1,7.25
JARDIN ETCHED GLASS CHEESE DISH,575.45,219,40,3.889024390243902
JARDIN ETCHED GLASS FRUITBOWL,619.94,120,39,5.7587179487179485
JARDIN ETCHED GLASS LARGE BELL JAR,163.75,37,13,5.303846153846154
JARDIN ETCHED GLASS SMALL BELL JAR,171.11,45,9,4.418
JASMINE VOTIVE CANDLE,90.33999999999999,338,12,0.27666666666666667
JAZZ HEARTS ADDRESS BOOK,726.8900000000001,3191,225,0.3208407079646018
JAZZ HEARTS PURSE NOTEBOOK,1944.6299999999999,4425,277,0.5452577319587628
JET BLACK LAS VEGAS BRACELET ROUND,37.62,10,8,3.765
JET BLACK LAS VEGAS NECKLACE 45CM,53.260000000000005,9,6,5.903333333333333
JIGSAW RABBIT AND BIRDHOUSE,607.14,596,105,1.2927777777777778
JIGSAW TOADSTOOLS 3 PIECE,604.4599999999999,690,83,1.0685542168674698
JIGSAW TREE WITH BIRDHOUSE,1027.72,998,144,1.2261904761904763
JIGSAW TREE WITH WATERING CAN,480.62999999999994,1047,101,0.792135922330097
JINGLE BELL HEART ANTIQUE GOLD,1670.0800000000002,777,102,2.395631067961165
JINGLE BELL HEART ANTIQUE SILVER,7038.400000000001,3564,210,2.2615962441314554
JINGLE BELL HEART DECORATION,6459.159999999999,3820,356,1.8494550408719346
JINGLE BELLS TREE DECORATION,415.77,203,76,2.046493506493506
JOY LARGE WOOD LETTERS,236.17,39,16,9.0825
JOY WOODEN BLOCK LETTERS,895.26,230,89,5.188426966292135
JUMBO  BAG BAROQUE BLACK WHITE,28047.74,13900,933,2.605185577942736
JUMBO BAG 50'S CHRISTMAS ,23772.07,10285,716,2.4177423822714683
JUMBO BAG ALPHABET,27850.83,13366,906,2.3900109769484086
JUMBO BAG APPLES,30450.690000000002,14908,978,2.5699290060851925
JUMBO BAG CHARLIE AND LOLA TOYS,4851.73,1932,300,3.2029
JUMBO BAG DOILEY PATTERNS,17268.69,8893,514,2.2405222437137335
JUMBO BAG DOLLY GIRL DESIGN,7051.2,3419,450,2.5757427937915747
JUMBO BAG OWLS,23001.06,11429,657,2.7772809667673717
JUMBO BAG PAISLEY PARK,11581.83,5020,338,2.256289855072464
JUMBO BAG PEARS,14188.960000000001,7067,595,2.4302508361204014
JUMBO BAG PINK POLKADOT,42401.01,21448,1218,2.598733766233766
JUMBO BAG PINK VINTAGE PAISLEY,23179.06,11006,865,2.678348623853211
JUMBO BAG RED RETROSPOT,94159.81,48371,2089,2.4861972498814606
JUMBO BAG SCANDINAVIAN BLUE PAISLEY,17239.69,8411,662,2.683268072289157
JUMBO BAG SCANDINAVIAN PAISLEY,3904.72,2057,144,2.760689655172414
JUMBO BAG SPACEBOY DESIGN,17071.59,8666,686,2.6552167630057806
JUMBO BAG STRAWBERRY,32727.65,17283,822,2.4144552058111377
JUMBO BAG TOYS ,11014.62,5007,522,3.1267175572519084
JUMBO BAG VINTAGE CHRISTMAS ,13972.710000000001,6078,476,2.417366255144033
JUMBO BAG VINTAGE DOILEY ,272.57,144,7,2.3314285714285714
JUMBO BAG VINTAGE DOILY ,24489.08,11448,711,2.300598885793872
JUMBO BAG VINTAGE LEAF,21810.43,10941,879,2.2962302483069976
JUMBO BAG WOODLAND ANIMALS,22092.42,9773,863,2.9266168009205984
JUMBO SHOPPER VINTAGE RED PAISLEY,28577.1,12574,1175,2.689254237288136
JUMBO STORAGE BAG SKULLS,14006.2,6438,705,2.7869887955182073
JUMBO STORAGE BAG SUKI,30764.01,13651,1184,2.746616415410385
JUNGLE POPSICLES ICE LOLLY HOLDERS,197.49,139,29,1.8079310344827586
JUNGLE POPSICLES ICE LOLLY MOULDS,1338.8700000000001,960,153,1.6098064516129034
KEEP CALM BIRTHDAY WRAP,21.0,50,2,0.42
KEEP CALM WALL ART ,2015.97,269,20,7.9465
KEEP OUT BOYS DOOR HANGER ,229.92,143,43,1.7833333333333334
KEEP OUT GIRLS DOOR HANGER ,3.36,1,1,3.36
KENSINGTON COFFEE SET,751.17,57,34,13.468235294117648
KEY CABINET MA CAMPAGNE,2176.3199999999997,206,108,11.311666666666666
"KEY FOB , BACK DOOR ",1277.89,1828,308,0.8934285714285715
"KEY FOB , FRONT  DOOR ",1262.3700000000001,1962,210,0.8843661971830986
"KEY FOB , GARAGE DESIGN",1192.16,1902,131,0.8493984962406015
"KEY FOB , SHED",2197.17,3228,372,0.9522252010723861
KEY RING BASEBALL BOOT ASSORTED ,2038.33,1626,98,1.3861764705882351
KEY RING BASEBALL BOOT UNION JACK,2217.87,1821,112,1.4955263157894738
KIDS CUTLERY DOLLY GIRL ,149.4,36,8,4.15
KIDS CUTLERY SPACEBOY ,149.4,36,8,4.15
KIDS RAIN MAC BLUE,1029.24,1293,85,0.9096511627906977
KIDS RAIN MAC PINK,803.65,925,92,0.9420430107526881
KINGS CHOICE BISCUIT TIN,2175.04,468,180,5.333888888888889
KINGS CHOICE GIANT TUBE MATCHES,1721.85,743,67,2.5029850746268654
KINGS CHOICE MUG,2429.38,2055,148,1.8340268456375837
KINGS CHOICE TEA CADDY ,2551.2200000000003,698,255,4.32796875
KITCHEN FLOWER POTS WALL PLAQUE,619.59,116,83,5.3020481927710845
KITCHEN METAL SIGN,1217.8500000000001,2058,305,0.7530944625407167
KITTENS DESIGN FLANNEL,310.19,337,100,1.1922772277227722
KITTY PENCIL ERASERS,320.09,1438,136,0.30455882352941177
KNEELING MAT HOUSEWORK  DESIGN,2181.4199999999996,1536,230,1.8876394849785407
KNICKERBOCKERGLORY MAGNET ASSORTED ,1904.77,2221,135,1.472074074074074
KNITTED RABBIT DOLL ,42.9,26,2,1.65
KNITTED UNION FLAG HOT WATER BOTTLE,16148.04,3319,459,5.203712446351931
LA JARDIN BOTANIQUE CUSHION COVER,375.53,87,28,5.007142857142857
LA PALMIERA TILE COASTER,276.53,709,34,0.8079999999999999
LA PALMIERA TILE HOOK,51.86,47,14,1.5635714285714286
LA PALMIERA WALL THERMOMETER,38.25,15,10,2.55
LADIES & GENTLEMEN METAL SIGN,9383.43,4037,478,3.0745511482254697
LADLE LOVE HEART PINK,24.98,39,13,0.7507692307692307
LADLE LOVE HEART RED ,17.82,24,9,0.8022222222222222
LADS ONLY TISSUE BOX,1605.96,1643,143,1.1489333333333334
LADYBIRD + BEE RAFFIA FOOD COVER,476.41,123,37,4.1597297297297295
LANDMARK FRAME BAKER STREET ,3930.27,350,32,13.181875
LANDMARK FRAME CAMDEN TOWN ,6444.65,568,68,13.30220588235294
LANDMARK FRAME COVENT GARDEN ,4937.01,436,53,12.61811320754717
LANDMARK FRAME LONDON BRIDGE ,4703.87,415,52,13.125384615384615
LANDMARK FRAME NOTTING HILL ,4780.57,421,50,12.897450980392156
LANDMARK FRAME OXFORD STREET,4805.53,422,57,13.047017543859647
LANTERN CREAM GAZEBO ,6360.99,1272,299,5.675478547854786
LARGE  TALL CAMPHOR WOOD TOADSTOOL ,192.81,33,17,6.459411764705883
LARGE ANTIQUE WHITE PHOTO FRAME,3757.78,523,135,8.100962962962964
LARGE APOTHECARY MEASURING JAR ,612.1600000000001,51,21,12.900476190476192
LARGE BLACK DIAMANTE HAIRSLIDE,6.6,4,1,1.65
LARGE BLUE PROVENCAL CERAMIC BALL,113.05000000000001,49,11,2.653636363636364
LARGE BONNE JAM JAR  T-LIGHT HOLDER,667.8500000000001,255,11,3.0081818181818183
LARGE CAKE STAND  HANGING STRAWBERY,4218.0599999999995,582,146,10.28958904109589
LARGE CAKE STAND HANGING HEARTS,1111.05,231,34,5.28
LARGE CAKE TOWEL CHOCOLATE SPOTS,2661.67,925,104,5.374259259259259
LARGE CAKE TOWEL PINK SPOTS,3815.7,1105,134,6.258814814814814
"LARGE CAKE TOWEL, CHOCOLATE SPOTS",101.53,11,8,10.16
LARGE CAMPHOR WOOD FIELD MUSHROOM ,312.77,41,27,8.400357142857143
LARGE CERAMIC TOP STORAGE JAR,5141.0599999999995,3114,280,1.9777738515901062
LARGE CHINESE STYLE SCISSOR,1053.45,1273,65,0.8460000000000001
LARGE CIRCULAR MIRROR MOBILE,6812.98,7102,205,1.6756937799043061
LARGE CRYSTAL DIAMANTE HAIRSLIDE,48.209999999999994,29,15,1.6553333333333333
LARGE DECO JEWELLERY STAND,3302.44,263,95,12.99621052631579
LARGE HANGING IVORY & RED WOOD BIRD,663.4300000000001,977,95,0.8388421052631578
LARGE HEART FLOWERS HOOK   ,4.92,2,1,2.46
LARGE HEART MEASURING SPOONS,3720.66,1976,373,2.3564285714285713
LARGE IVORY HEART WALL ORGANISER,5525.4,782,155,9.162451612903226
LARGE JEWELLERY STAND,125.0,10,4,12.5
LARGE MEDINA STAMPED METAL BOWL ,930.96,182,55,5.496545454545455
LARGE MINT DIAMANTE HAIRSLIDE,51.51,31,16,1.6624999999999999
LARGE PARLOUR FRAME,122.85,27,2,4.725
LARGE PARLOUR PICTURE FRAME,427.03000000000003,85,29,5.135862068965517
LARGE PINK GLASS SUNDAE DISH,1157.8,1013,81,1.610731707317073
LARGE POPCORN HOLDER ,1870.9099999999999,1025,86,2.2325581395348837
LARGE PURPLE BABUSHKA NOTEBOOK  ,1110.25,1195,178,1.4949720670391062
LARGE RED BABUSHKA NOTEBOOK ,1167.74,1096,163,1.5376073619631903
LARGE RED RETROSPOT WINDMILL,3877.09,1963,140,2.531
LARGE ROUND CUTGLASS CANDLESTICK,27.14,2,1,13.57
LARGE ROUND WICKER PLATTER ,1167.58,194,91,6.092795698924731
LARGE SKULL WINDMILL,207.51000000000002,90,24,2.6954166666666666
LARGE STRIPES CHOCOLATE GIFT BAG,708.75,567,49,1.25
LARGE TAHITI BEACH BAG,17.82,2,2,8.91
LARGE TORTILLA DESIGN RED BOWL,154.67999999999998,78,22,2.7563636363636363
LARGE WHITE HEART OF WICKER,8878.210000000001,3069,562,3.1351398601398603
LARGE WHITE HONEYCOMB PAPER BELL  ,1451.82,562,95,3.066421052631579
LARGE WHITE/PINK ROSE ART FLOWER,639.36,360,22,1.9245454545454548
LARGE YELLOW BABUSHKA NOTEBOOK ,656.52,599,123,1.4316260162601626
LARGE ZINC GLASS CANDLEHOLDER,116.06,34,11,3.7609090909090908
LARGE ZINC HEART WALL ORGANISER,6431.110000000001,1065,38,7.9068421052631574
LASER CUT MULTI STRAND NECKLACE,11.95,1,1,11.95
LAUNDRY 15C METAL SIGN,4542.889999999999,2918,351,1.7629745042492915
LAUREL HEART ANTIQUE GOLD,630.73,525,44,1.446888888888889
LAUREL HEART ANTIQUE SILVER,1613.82,1309,97,1.5415151515151517
LAUREL STAR ANTIQUE GOLD,483.03,379,40,1.57225
LAUREL STAR ANTIQUE SILVER ,568.6,430,61,1.52765625
LAVENDER INCENSE 40 CONES IN TIN,107.44999999999999,109,10,1.17
LAVENDER INCENSE IN TIN,98.91,171,25,0.7976000000000001
LAVENDER SCENT CAKE CANDLE,165.6,624,17,0.28058823529411764
LAVENDER SCENTED FABRIC HEART,1778.08,1341,138,1.9399280575539566
LAVENDER TOILETTE BOTTLE,1166.0,557,79,2.562025316455696
LAZER CUT NECKLACE W PASTEL BEADS,421.75,57,5,8.61
LE GRAND TRAY CHIC SET,1924.92,152,79,12.815443037974683
LE JARDIN BOTANIQUE CUSHION COVER,2345.0,559,166,4.7814035087719295
LEAVES MAGNETIC  SHOPPING LIST,34.8,24,2,1.45
LED TEA LIGHTS,1826.76,634,65,3.2733333333333334
LETS GO SHOPPING COTTON TOTE BAG,585.34,252,78,2.5892307692307694
"LETTER ""A"" BLING KEY RING",111.66,130,56,0.9039285714285714
"LETTER ""B"" BLING KEY RING",24.77,37,22,0.8281818181818181
"LETTER ""C"" BLING KEY RING",72.77,91,33,0.8336363636363636
"LETTER ""D"" BLING KEY RING",49.9,68,32,0.865625
"LETTER ""E"" BLING KEY RING",53.199999999999996,72,30,0.8506666666666667
"LETTER ""F"" BLING KEY RING",15.429999999999998,27,15,0.7606666666666667
"LETTER ""G"" BLING KEY RING",40.199999999999996,60,30,0.8353333333333333
"LETTER ""H"" BLING KEY RING",36.76,48,30,0.8546666666666667
"LETTER ""I"" BLING KEY RING",29.619999999999997,38,13,0.7838461538461539
"LETTER ""J"" BLING KEY RING",57.21,71,41,0.8602439024390243
"LETTER ""K"" BLING KEY RING",60.699999999999996,78,38,0.8915789473684211
"LETTER ""L"" BLING KEY RING",65.03999999999999,94,37,0.8386486486486486
"LETTER ""M"" BLING KEY RING",49.82,60,28,0.8742857142857143
"LETTER ""N"" BLING KEY RING",29.23,41,24,0.8416666666666667
"LETTER ""O"" BLING KEY RING",6.819999999999999,16,5,0.726
"LETTER ""P"" BLING KEY RING",20.229999999999997,39,16,0.8125
"LETTER ""R"" BLING KEY RING",28.009999999999998,41,25,0.8251999999999999
"LETTER ""S"" BLING KEY RING",71.0,94,41,0.8251219512195122
"LETTER ""T"" BLING KEY RING",13.459999999999999,24,11,0.7827272727272727
"LETTER ""U"" BLING KEY RING",3.4799999999999995,12,1,0.29
"LETTER ""V"" BLING KEY RING",15.979999999999999,26,14,0.8542857142857142
"LETTER ""W"" BLING KEY RING",6.819999999999999,16,5,0.726
"LETTER ""Y"" BLING KEY RING",22.839999999999996,66,8,0.7525
"LETTER ""Z"" BLING KEY RING",11.84,22,10,0.7819999999999999
LETTER HOLDER HOME SWEET HOME,2204.11,625,134,4.374
LETTER SHAPE PENCIL SHARPENER,234.0,3333,45,0.15244444444444444
LIGHT DECORATION BATTERY OPERATED,4.2,2,1,2.1
LIGHT GARLAND BUTTERFILES PINK,5044.34,1346,132,4.1853731343283584
LIGHT PINK FLOCK GLASS CANDLEHOLDER,13.680000000000003,36,3,0.38000000000000006
LIGHT TOPAZ TEAL/AQUA COL NECKLACE,15.16,3,3,5.053333333333334
LIGHTHOUSE PRINTED METAL SIGN,29.700000000000003,6,3,4.95
LILAC DIAMANTE PEN IN GIFT BOX,454.99,141,63,4.154603174603174
LILAC FEATHERS CURTAIN,9.48,12,1,0.79
LILAC GAUZE BUTTERFLY LAMPSHADE,10.08,24,6,0.42
LILAC VOTIVE CANDLE,15.120000000000001,72,3,0.21
LILY BROOCH AMETHYST COLOUR,74.25,15,8,4.95
LILY BROOCH OLIVE COLOUR,99.60000000000001,20,15,4.99
LILY BROOCH WHITE/SILVER COLOUR,4.95,1,1,4.95
LIPSTICK PEN BABY PINK,611.3,1333,126,0.5912499999999999
LIPSTICK PEN FUSCHIA,1347.1,2597,213,0.6121395348837209
LIPSTICK PEN RED,1673.1,3338,272,0.6032490974729242
LITTLE GREEN MONSTER SOFT TOY,48.449999999999996,19,11,2.55
LITTLE PINK MONSTER SOFT TOY,43.349999999999994,17,8,2.55
LOCAL CAFE MUG,1057.71,676,116,2.180769230769231
LOLITA  DESIGN  COTTON TOTE BAG,409.72,176,50,2.574
LONDON BUS COFFEE MUG,10140.6,4334,317,2.730219435736677
LONG SILVER NECKLACE PASTEL FLOWER,101.73,8,6,12.705
LOVE BUILDING BLOCK WORD,12435.86,2011,629,6.695205047318613
LOVE GARLAND PAINTED ZINC ,827.6299999999999,453,78,2.4683333333333333
LOVE HEART NAPKIN BOX ,826.95,171,66,5.413235294117648
LOVE HEART POCKET WARMER,1863.98,2702,120,1.7202459016393443
LOVE HEART SOCK HANGER,679.28,378,84,2.3049999999999997
LOVE HEART TRINKET POT,1044.81,2239,135,0.6829496402877698
LOVE HOT WATER BOTTLE,13334.320000000002,2359,476,6.205617283950618
LOVE LARGE WOOD LETTERS ,1505.96,106,69,15.432028985507246
LOVE POTION MASALA INCENSE,47.25,225,8,0.21
LOVE SEAT ANTIQUE WHITE METAL,6210.0,58,41,114.02439024390245
LOVEBIRD HANGING DECORATION WHITE ,4033.7299999999996,4133,544,1.1821157323688969
LOVELY BONBON STICKER SHEET,307.44,345,58,1.0569491525423729
LUNCH BAG  BLACK SKULL.,22346.96,12195,1273,2.1077863182167564
LUNCH BAG ALPHABET DESIGN,13325.55,7830,740,1.9909656084656082
LUNCH BAG APPLE DESIGN,20852.579999999998,12147,1036,2.0589553656220323
LUNCH BAG CARS BLUE,21699.48,11786,1150,2.063580034423408
LUNCH BAG DOILEY PATTERN ,10502.19,6551,492,1.7325754527162975
LUNCH BAG DOLLY GIRL DESIGN,11060.88,6706,682,1.9342608695652173
LUNCH BAG PAISLEY PARK  ,5497.33,3385,325,1.8020481927710843
LUNCH BAG PINK POLKADOT,17388.99,10487,1090,2.031925522252498
LUNCH BAG RED RETROSPOT,35572.36,19232,1564,2.131853257432005
LUNCH BAG RED SPOTTY,290.0,200,1,1.45
LUNCH BAG RED VINTAGE DOILY,2525.04,1576,132,1.8662406015037591
LUNCH BAG SPACEBOY DESIGN ,18031.31,10427,1157,2.0130927835051544
LUNCH BAG SUKI  DESIGN ,3786.91,2217,200,2.4341666666666666
LUNCH BAG SUKI DESIGN ,18699.43,10301,1084,2.1189745916515426
LUNCH BAG VINTAGE DOILEY ,119.63,71,5,2.146
LUNCH BAG VINTAGE DOILY ,10797.0,6548,601,1.8969934640522876
LUNCH BAG VINTAGE LEAF DESIGN,10441.91,6308,668,1.9362038404726736
LUNCH BAG WOODLAND,18283.78,9909,1017,2.1818446601941743
LUNCH BOX I LOVE LONDON,20781.649999999998,11504,707,2.3154016620498616
LUNCH BOX WITH CUTLERY FAIRY CAKES ,153.0,60,24,2.55
LUNCH BOX WITH CUTLERY RETROSPOT ,7860.969999999999,3088,482,3.321921487603306
LUSH GREENS RIBBONS,72.42,56,15,1.4113333333333336
M/COLOUR POM-POM CURTAIN,8.5,2,1,4.25
MA CAMPAGNE CUTLERY BOX,2661.7999999999997,168,101,16.81356435643564
MADRAS NOTEBOOK LARGE ,374.96000000000004,271,16,2.263125
MADRAS NOTEBOOK MEDIUM,705.16,913,73,0.8541333333333334
MAGAZINE RACK GEBRA ASSORTED ,256.5,198,18,1.3333333333333333
MAGIC DRAWING SLATE BAKE A CAKE ,644.39,1782,88,0.45761363636363633
MAGIC DRAWING SLATE BUNNIES ,669.75,1763,134,0.483955223880597
MAGIC DRAWING SLATE CIRCUS PARADE  ,1412.41,3382,200,0.48830845771144277
MAGIC DRAWING SLATE DINOSAUR,844.0,1929,171,0.49179190751445084
MAGIC DRAWING SLATE DOLLY GIRL ,1516.46,3628,233,0.5002978723404256
MAGIC DRAWING SLATE GO TO THE FAIR ,349.03,851,70,0.46014285714285713
MAGIC DRAWING SLATE LEAP FROG ,366.75,1072,73,0.4473333333333333
MAGIC DRAWING SLATE PURDEY,1803.95,4752,156,0.44031847133757956
MAGIC DRAWING SLATE SPACEBOY ,1871.12,4496,261,0.5057142857142857
MAGIC GARDEN FELT GARLAND ,939.3699999999999,419,89,2.825056179775281
MAGIC SHEEP WOOL GROWING FROM PAPER,1283.99,1265,115,1.2425862068965516
MAGIC TREE -PAPER FLOWERS,848.6999999999999,918,105,1.0551428571428572
MAGNETS PACK OF 4 CHILDHOOD MEMORY,1347.08,1152,98,1.326734693877551
MAGNETS PACK OF 4 HOME SWEET HOME,729.09,1393,150,0.6709868421052632
MAGNETS PACK OF 4 RETRO PHOTO,630.37,1226,128,0.748828125
MAGNETS PACK OF 4 SWALLOWS,1589.12,2575,248,0.7711111111111111
MAGNETS PACK OF 4 VINTAGE COLLAGE,1033.16,1719,151,0.6847368421052632
MAGNETS PACK OF 4 VINTAGE LABELS ,689.28,1322,125,0.89488
MAKE YOUR OWN FLOWERPOWER CARD KIT,2408.54,930,206,3.649323671497585
MAKE YOUR OWN MONSOON CARD KIT,2084.8500000000004,867,172,3.1233333333333335
MAKE YOUR OWN PLAYTIME CARD KIT,1323.5700000000002,639,101,3.0383168316831686
MAN FLU METAL SIGN,2490.13,1160,180,2.5055555555555555
MARIE ANTOIENETT TRINKET BOX GOLD,12.5,1,1,12.5
MARIE ANTOINETTE TRINKET BOX GOLD,1192.6,314,18,10.428947368421053
MARIE ANTOINETTE TRINKET BOX SILVER,1273.76,334,30,13.725333333333333
MAXWELL 2 TONE BLUE 60 PAGE PHOTO A,7.85,7,2,1.225
MEASURING TAPE BABUSHKA BLUE,1185.79,442,78,2.7555696202531643
MEASURING TAPE BABUSHKA PINK,1760.3100000000002,722,144,2.3233561643835614
MEASURING TAPE BABUSHKA RED,757.0200000000001,266,41,3.0623809523809524
MEDINA STAMPED METAL STOOL,1351.64,35,20,39.8695
MEDIUM CERAMIC TOP STORAGE JAR,81700.92000000001,78033,247,1.46848
MEDIUM CHINESE STYLE SCISSOR,289.98,662,24,0.48833333333333334
MEDIUM MEDINA STAMPED METAL BOWL ,948.7000000000002,310,58,3.3927586206896554
MEDIUM PARLOUR FRAME ,84.1,22,2,3.95
MEDIUM PARLOUR PICTURE FRAME ,550.0,136,34,4.126470588235295
MEDIUM PINK BUDDHA HEAD ,182.50000000000003,54,21,3.913809523809524
MEDIUM WHITE/PINK ROSE ART FLOWER,174.31,127,11,1.5372727272727273
MEMO BOARD COTTAGE DESIGN,7084.42,1457,311,5.665495207667732
MEMO BOARD RETROSPOT  DESIGN,14193.35,2960,459,6.295599128540305
METAL 4 HOOK HANGER FRENCH CHATEAU,7767.8,2444,493,3.8380321285140564
METAL BASE FOR CANDLES,4.62,11,2,0.42
METAL DECORATION NAUGHTY CHILDREN ,1603.29,1599,136,1.6767605633802816
METAL HERB GERDEN CONTAINER,139.68,24,5,6.078
METAL MERRY CHRISTMAS WREATH,1216.22,636,90,2.208021978021978
METAL RABBIT LADDER EASTER ,62.9,74,16,0.85
METAL SIGN CUPCAKE SINGLE HOOK,534.24,696,111,1.369099099099099
METAL SIGN DROP YOUR PANTS,3444.4300000000003,1275,206,3.3344711538461542
METAL SIGN EMPIRE TEA,2020.91,1549,228,2.34704347826087
METAL SIGN HER DINNER IS SERVED ,3896.4500000000003,1320,95,2.9212631578947374
METAL SIGN HIS DINNER IS SERVED,620.42,575,148,1.4704729729729729
METAL SIGN NEIGHBOURHOOD WITCH ,1931.8500000000001,911,147,2.5650675675675676
METAL SIGN TAKE IT OR LEAVE IT ,11095.94,3774,412,3.3484375
"METAL SIGN,CUPCAKE SINGLE HOOK",1060.8,1201,145,1.5088461538461537
METAL TUBE CHIME ON BAMBOO,529.21,490,15,1.8033333333333335
METALIC LEAVES BAG CHARMS,205.06,83,36,2.4691666666666667
MIDNIGHT BLUE COPPER FLOWER NECKLAC,67.83,11,7,6.170000000000001
MIDNIGHT BLUE CRYSTAL DROP EARRINGS,17.509999999999998,6,6,2.918333333333333
MIDNIGHT BLUE DROP CRYSTAL NECKLACE,53.760000000000005,11,5,7.212000000000001
MIDNIGHT BLUE GLASS/SILVER BRACELET,167.3,18,15,9.322
MIDNIGHT BLUE PAIR HEART HAIR SLIDE,119.84,32,24,3.7441666666666666
MIDNIGHT BLUE VINTAGE EARRINGS,195.32,52,32,3.759375
MIDNIGHT GLAMOUR SCARF KNITTING KIT,501.44,324,85,1.9223529411764706
MILK BOTTLE WITH GLASS STOPPER ,223.46,30,17,7.830000000000001
MILK MAIDS MUG ,393.59,219,33,2.2335294117647058
MILK PAN BLUE POLKADOT,669.54,197,79,3.7055
MILK PAN PINK POLKADOT,319.35,64,37,5.68972972972973
MILK PAN RED RETROSPOT,1483.13,403,145,4.484551724137931
MINI  ZINC GARDEN DECORATIONS ,330.54999999999995,829,33,0.8269696969696969
MINI CAKE STAND  HANGING STRAWBERY,2083.19,1375,220,2.086160714285714
MINI CAKE STAND T-LIGHT HOLDER,931.02,1872,142,0.6406293706293706
MINI CAKE STAND WITH HANGING CAKES,1976.09,1354,183,1.7795212765957447
MINI FUNKY DESIGN TAPES,993.99,1295,91,0.8597849462365591
MINI HIGHLIGHTER PENS,100.79999999999998,840,4,0.12
MINI JIGSAW BAKE A CAKE ,530.8,1453,55,0.502
MINI JIGSAW BUNNIES,435.67,1142,75,0.5626666666666666
MINI JIGSAW CIRCUS PARADE ,960.86,2519,91,0.5225
MINI JIGSAW DINOSAUR ,338.23,809,101,0.6317647058823529
MINI JIGSAW DOLLY GIRL,1129.32,2918,136,0.56
MINI JIGSAW GO TO THE FAIR,164.42000000000002,402,40,0.55875
MINI JIGSAW LEAP FROG,201.95,503,35,0.5651428571428571
MINI JIGSAW PURDEY,799.9799999999999,2103,86,0.5354651162790698
MINI JIGSAW SPACEBOY,1714.9199999999998,4518,175,0.5311363636363636
MINI LADLE LOVE HEART PINK,297.4,528,166,0.6704216867469879
MINI LADLE LOVE HEART RED ,401.18,865,153,0.6414285714285715
MINI LIGHTS WOODLAND MUSHROOMS,6719.14,1798,215,4.428761467889909
MINI PAINT SET VINTAGE ,16937.82,26633,380,0.7850263157894737
MINI PAINTED GARDEN DECORATION ,740.15,2451,79,0.5020253164556961
MINI PLAYING CARDS BUFFALO BILL ,1155.67,2882,119,0.4734645669291338
MINI PLAYING CARDS DOLLY GIRL ,1163.45,2627,120,0.4665625
MINI PLAYING CARDS FUN FAIR ,451.46000000000004,1062,65,0.4865151515151515
MINI PLAYING CARDS GYMKHANA,1118.8,2521,120,0.4972
MINI PLAYING CARDS SPACEBOY ,1129.1200000000001,2723,146,0.46264900662251657
MINI WOODEN HAPPY BIRTHDAY GARLAND,3131.24,1811,224,2.377920353982301
MINIATURE ANTIQUE ROSE HOOK IVORY,1775.5099999999998,2091,243,0.9144
MINITURE ANTIQUE ROSE HOOK IVORY,40.8,48,4,0.85
MINT DINER CLOCK,17.0,2,1,8.5
MINT DINER WALL CLOCK,3159.41,371,162,8.835555555555555
MINT GREEN ROSE TOWEL,754.07,196,86,3.64
MINT KITCHEN SCALES,7521.89,852,357,9.536190476190477
MIRROR CORNICE,1515.68,94,62,16.29064516129032
MIRROR LOVE BIRD T-LIGHT HOLDER,255.0,144,12,4.041538461538462
MIRROR MOSAIC CANDLE PLATE,343.71,288,59,1.58
MIRROR MOSAIC GOBLET CANDLE HOLDER,847.82,574,33,3.9760606060606065
MIRROR MOSAIC HURRICANE LAMP ,898.38,349,47,5.131914893617021
MIRROR MOSAIC T-LIGHT HOLDER ,831.84,1622,31,2.0570967741935484
MIRROR MOSAIC T-LIGHT HOLDER ROUND,908.24,1248,26,2.12
MIRROR MOSAIC VOTIVE HOLDER,2053.17,1438,69,2.2659420289855072
MIRRORED DISCO BALL ,3435.05,649,134,5.797388059701492
MIRRORED DOVE WALL DECORATION,276.72,116,24,2.6748000000000003
MIRRORED WALL ART FOXY,100.66000000000001,16,9,5.775555555555556
MIRRORED WALL ART GENTS,199.48999999999998,171,43,2.19953488372093
MIRRORED WALL ART LADIES,143.28,163,33,1.2448484848484849
MIRRORED WALL ART PHOTO FRAMES,470.16999999999996,89,46,5.890851063829787
MIRRORED WALL ART POPPIES,319.71,287,38,1.6355263157894737
MIRRORED WALL ART SKULLS,463.79,304,46,2.366739130434783
MIRRORED WALL ART SNOWFLAKES,389.04,512,47,0.8572340425531915
MIRRORED WALL ART SPLODGES,161.49,101,16,2.515
MIRRORED WALL ART STARS,447.09000000000003,363,52,1.972962962962963
MIRRORED WALL ART TABLE LAMP,107.75,75,33,1.9772727272727273
MISELTOE HEART WREATH ,312.8,80,5,4.07
MISELTOE HEART WREATH CREAM,996.0000000000001,240,1,4.15
MISELTOE HEART WREATH WHITE,304.5,78,4,4.050000000000001
MISTLETOE HEART WREATH CREAM,2535.48,624,110,4.21018018018018
MISTLETOE HEART WREATH GREEN,3676.1800000000003,882,179,4.532011173184357
MIXED NUTS LIGHT GREEN BOWL,296.45,568,68,0.8294117647058823
MOBILE VINTAGE HEARTS ,1146.3500000000001,249,93,5.08505376344086
MOCK LOBSTER FRIDGE MAGNET,164.17,296,45,1.0622222222222222
MODERN FLORAL STATIONERY SET,2870.0,1672,366,1.9954200542005418
MODERN VINTAGE COTTON SHOPPING BAG,29.7,22,8,1.67
MONEY BOX BISCUITS DESIGN,299.72,228,57,1.5082456140350877
MONEY BOX CONFECTIONERY DESIGN,162.44,145,29,1.496551724137931
MONEY BOX FIRST ADE DESIGN,62.5,50,13,1.25
MONEY BOX FIRST AID DESIGN,36.78,44,11,1.3136363636363635
MONEY BOX HOUSEKEEPING DESIGN,247.42000000000002,237,58,1.4191379310344827
MONEY BOX KINGS CHOICE DESIGN,403.46,346,84,1.5136904761904764
MONEY BOX POCKET MONEY DESIGN,415.36,372,70,1.431857142857143
MONSTERS STENCIL CRAFT,1763.3700000000001,1413,211,1.366824644549763
MONTANA DIAMOND CLUSTER EARRINGS,24.119999999999997,9,4,2.8425
MONTANA DIAMOND CLUSTER NECKLACE,37.66,4,3,9.363333333333333
MOODY BOY  DOOR HANGER ,601.79,1126,124,1.0303225806451612
MOODY GIRL DOOR HANGER ,781.87,1469,170,0.9722285714285716
MOP PENDANT SHELL NECKLACE,49.64,10,4,4.985
MORE BUTTER METAL SIGN ,821.61,760,160,1.401625
MOROCCAN BEATEN METAL DISH,160.09,15,6,11.756666666666666
MOROCCAN BEATEN METAL DISH LARGE,165.74,12,8,14.3425
MOROCCAN BEATEN METAL MIRROR,268.1,19,13,16.092307692307692
MOROCCAN TEA GLASS,3357.34,4162,125,1.01512
MOTHER'S KITCHEN SPOON REST ,967.17,226,84,4.879411764705883
MOTORING TISSUE BOX,822.13,1830,160,0.6054938271604938
MOUSE TOY WITH PINK T-SHIRT,1482.43,389,165,3.863053892215569
MOUSEY LONG LEGS SOFT TOY,266.03,97,41,3.0048780487804874
MR ROBOT SOFT TOY,697.7,216,44,5.847727272727273
MRS ROBOT SOFT TOY,428.85,143,28,4.807142857142857
"MUG , DOTCOMGIFTSHOP.COM ",4.17,5,5,0.834
MULTI COLOUR SILVER T-LIGHT HOLDER,8744.43,10545,347,0.9520170454545455
MULTI HEARTS  STICKERS,204.69,237,42,0.927142857142857
MULTICOLOUR  CONFETTI IN TUBE,382.9599999999999,284,27,1.6192592592592592
MULTICOLOUR 3D BALLS GARLAND,677.1899999999999,253,68,2.811971830985915
MULTICOLOUR EASTER RABBIT ,39.0,20,4,1.95
MULTICOLOUR HONEYCOMB FAN,886.24,1224,89,1.396629213483146
MULTICOLOUR HONEYCOMB PAPER GARLAND,1531.1399999999999,1119,75,1.9658666666666667
MULTICOLOUR POLKADOT PLATE,30.43,29,3,2.776666666666667
MULTICOLOUR RABBIT EGG WARMER,292.07,319,70,0.973
MULTICOLOUR SPRING FLOWER MUG,1695.86,2544,135,2.6641176470588235
MUM'S KITCHEN CLOCK,621.09,122,49,5.939387755102041
MUMMY MOUSE RED GINGHAM RIBBON,5.45,1,1,5.45
MURANO STYLE GLASS BRACELET BLACK,66.7,18,11,3.7318181818181815
MURANO STYLE GLASS BRACELET GOLD,54.42,15,10,3.6689999999999996
MURANO STYLE GLASS BRACELET RED,54.290000000000006,14,5,3.908
MUSICAL ZINC HEART DECORATION ,1179.59,2763,176,0.6557777777777777
N0 SINGING METAL SIGN,2639.42,1225,49,2.673673469387755
NAMASTE SWAGAT INCENSE,632.34,2391,47,0.29411764705882354
NATURAL HANGING QUILTED HEARTS ,1171.23,1449,72,1.363918918918919
NATURAL SLATE CHALKBOARD LARGE ,9534.67,1727,476,6.674088050314466
NATURAL SLATE HEART CHALKBOARD ,27991.61,9119,1249,3.59003187250996
NATURAL SLATE RECTANGLE CHALKBOARD,5573.679999999999,3195,415,2.071558752997602
NECKLACE+BRACELET PINK BUTTERFLY,73.95,29,10,2.55
NECKLACE+BRACELET SET BLUE BLOSSOM,112.21,45,26,2.4815384615384612
NECKLACE+BRACELET SET BLUE HIBISCUS,76.38,27,16,2.8637499999999996
NECKLACE+BRACELET SET FRUIT SALAD ,35.699999999999996,14,13,2.55
NECKLACE+BRACELET SET PINK DAISY,2.55,1,1,2.55
NEW BAROQUE B'FLY NECKLACE CRYSTAL,42.13,5,4,8.4075
NEW BAROQUE B'FLY NECKLACE GREEN,33.81,4,3,8.436666666666667
NEW BAROQUE B'FLY NECKLACE MONTANA,16.810000000000002,2,2,8.405000000000001
NEW BAROQUE B'FLY NECKLACE PINK,16.82,2,2,8.41
NEW BAROQUE B'FLY NECKLACE RED,67.28,8,6,8.38
NEW BAROQUE BLACK BOXES,38.25,3,3,12.75
NEW BAROQUE BLACK PHOTO ALBUM,146.21,27,14,7.307857142857143
NEW BAROQUE JEWELLERY BOX ,446.89,53,25,9.4516
NEW BAROQUE LARGE NECKLACE BLK/WHIT,134.16,16,14,8.381428571428572
NEW BAROQUE SMALL NECKLACE BLACK,42.14,5,4,8.41
NEW ENGLAND MUG W GIFT BOX,5.1,2,2,2.55
NEWSPAPER STAND,316.95000000000005,27,5,19.874000000000002
NINJA RABBIT BLACK,239.24,187,58,1.5422413793103449
NINJA RABBIT PINK,187.79,167,42,1.1130232558139534
NO JUNK MAIL METAL SIGN,1313.79,1940,266,1.1986764705882353
NO SINGING METAL SIGN,10193.76,4788,496,2.53742
NOEL GARLAND PAINTED ZINC ,787.2099999999999,1398,128,0.766328125
NOEL WOODEN BLOCK LETTERS ,2159.7000000000003,352,133,6.868805970149254
NOVELTY BISCUITS CAKE STAND 3 TIER,3939.87,385,165,11.292349397590362
NUMBER TILE COTTAGE GARDEN 0 ,144.65,63,20,3.04
NUMBER TILE COTTAGE GARDEN 1,246.14,96,44,3.1904545454545454
NUMBER TILE COTTAGE GARDEN 2,240.29,93,39,3.2600000000000002
NUMBER TILE COTTAGE GARDEN 3 ,163.35,67,25,3.258
NUMBER TILE COTTAGE GARDEN 4,177.46,72,30,3.1853333333333333
NUMBER TILE COTTAGE GARDEN 5,145.5,60,26,3.0461538461538464
NUMBER TILE COTTAGE GARDEN 6,150.81,65,21,2.944545454545455
NUMBER TILE COTTAGE GARDEN 7,149.09,63,25,2.9124
NUMBER TILE COTTAGE GARDEN 8,138.81,61,20,2.943
NUMBER TILE COTTAGE GARDEN 9,138.10999999999999,63,19,2.638421052631579
NUMBER TILE COTTAGE GARDEN No,204.19,75,33,3.453333333333333
NUMBER TILE VINTAGE FONT 0,102.46,70,16,2.8674999999999997
NUMBER TILE VINTAGE FONT 1,196.69,97,32,3.299375
NUMBER TILE VINTAGE FONT 2,197.56,102,34,3.2152941176470584
NUMBER TILE VINTAGE FONT 3,213.7,108,42,3.0280952380952377
NUMBER TILE VINTAGE FONT 4,191.48,100,32,3.294375
NUMBER TILE VINTAGE FONT 5,194.04999999999998,99,36,3.086666666666667
NUMBER TILE VINTAGE FONT 6 ,172.78,96,28,3.097142857142857
NUMBER TILE VINTAGE FONT 7,146.43,87,25,2.8827999999999996
NUMBER TILE VINTAGE FONT 8,126.78,78,23,2.967391304347826
NUMBER TILE VINTAGE FONT 9 ,124.97999999999999,76,21,3.1642857142857146
NUMBER TILE VINTAGE FONT No ,263.8,169,33,3.626969696969697
NURSE'S BAG SOFT TOY,634.53,70,29,9.226896551724137
"NURSERY A,B,C PAINTED LETTERS",932.4,198,73,6.4089041095890416
Next Day Carriage,1200.0,79,79,15.189873417721518
OCEAN SCENT CANDLE IN JEWELLED BOX,1993.48,1028,82,4.176585365853659
OCEAN SCENT CANDLE JEWELLED DRAWER,8.47,1,1,8.47
OCEAN STRIPE HAMMOCK ,15.9,2,1,7.95
OFFICE MUG WARMER BLACK+SILVER ,3403.76,1132,142,4.082222222222223
OFFICE MUG WARMER CHOC+BLUE,1759.1200000000001,570,133,3.962148148148148
OFFICE MUG WARMER PINK,1564.8300000000002,565,65,3.51179104477612
OFFICE MUG WARMER POLKADOT,1950.4900000000002,645,131,3.6210526315789475
OLD DOC RUSSEL METAL SIGN,29.400000000000002,14,3,2.1
OLD ROSE COMBO BEAD NECKLACE,157.5,54,45,2.912
OOH LA LA DOGS COLLAR,15.79,1,1,15.79
OPEN CLOSED METAL SIGN,7923.93,1638,388,5.524447300771209
OPIUM SCENTED VOTIVE CANDLE,203.27999999999997,840,18,0.2633333333333333
OPULENT VELVET SET/3 CANDLES,8.42,2,1,4.21
ORANGE FELT VASE + FLOWERS,1.25,1,1,1.25
ORANGE FLOWER MUG ,9.06,10,2,0.8200000000000001
ORANGE PENDANT TRIPLE SHELL NECKLAC,24.75,5,2,4.95
ORANGE SCENTED SET/9 T-LIGHTS,511.04999999999995,600,87,1.035909090909091
ORANGE TV TRAY TABLE ,1165.9099999999999,504,43,3.9976744186046513
ORANGE VOTIVE CANDLE,257.03999999999996,1032,25,0.2708
ORANGE/FUSCHIA STONES NECKLACE,4.98,1,1,4.98
ORANGE/WHT/FUSCHIA STONES NECKLACE,39.660000000000004,8,2,4.965
ORGANISER WOOD ANTIQUE WHITE ,1205.3,143,76,8.488815789473684
ORIENTAL RED CUSHION COVER ,60.45,13,4,4.65
ORIGAMI JASMINE INCENSE/CANDLE SET,595.85,525,85,1.8828235294117646
ORIGAMI LAVENDER INCENSE/CANDL SET ,481.79999999999995,420,85,1.7676470588235293
ORIGAMI OPIUM INCENSE/CANDLE SET ,62.64,44,10,2.3169999999999997
ORIGAMI ROSE INCENSE IN TUBE,267.82,535,13,1.2453846153846153
ORIGAMI ROSE INCENSE/CANDLE SET ,547.24,461,97,1.8228865979381443
ORIGAMI SANDLEWOOD INCENSE+FLOWER,66.36000000000001,81,7,1.5728571428571427
ORIGAMI SANDLEWOOD INCENSE/CAND SET,530.6,448,94,1.7973404255319148
ORIGAMI VANILLA INCENSE CONES,71.19,155,8,0.9512499999999999
ORIGAMI VANILLA INCENSE/CANDLE SET ,375.93,323,65,1.9546969696969696
OVAL  MINI PORTRAIT FRAME,615.98,316,47,1.9883673469387753
OVEN MITT APPLES DESIGN,2013.1,1350,211,1.8147641509433963
OVERNIGHT BAG VINTAGE ROSE PAISLEY,2704.35,405,178,7.358076923076922
OWL DOORSTOP,4051.79,695,251,6.7411111111111115
OYSTER TRINKET BOX,120.41,53,19,3.8560000000000003
PACK 20 DOLLY PEGS,174.5,242,4,0.7525
PACK 20 ENGLISH ROSE PAPER NAPKINS,508.36999999999995,554,80,1.1018518518518519
PACK 3 BOXES BIRD PANETTONE ,451.84,204,31,3.4170967741935483
PACK 3 BOXES BIRD PANNETONE ,4188.94,2168,187,2.5172727272727276
PACK 3 BOXES CHRISTMAS PANETTONE,248.48,76,24,3.3125
PACK 3 BOXES CHRISTMAS PANNETONE,3359.8199999999997,1649,161,2.749156626506024
PACK 3 FIRE ENGINE/CAR PATCHES,118.4,85,19,1.7621052631578946
PACK 3 IRON ON DOG PATCHES,355.84,294,65,1.2592307692307692
PACK 4 FLOWER/BUTTERFLY PATCHES,1.25,1,1,1.25
PACK 6 HEART/ICE-CREAM PATCHES,560.62,467,98,1.3740816326530612
PACK OF 12 50'S CHRISTMAS TISSUES,1840.08,3997,176,0.46322404371584697
PACK OF 12 BLUE PAISLEY TISSUES ,777.67,2301,155,0.44819354838709674
PACK OF 12 CHRISTMAS FUN CARDS,283.79,106,37,2.632162162162162
PACK OF 12 CIRCUS PARADE TISSUES ,660.15,2073,102,0.4941176470588235
PACK OF 12 COLOURED PENCILS,3183.6299999999997,3947,219,0.9124886877828055
PACK OF 12 DOILEY TISSUES,28.08,72,2,0.39
PACK OF 12 DOLLY GIRL TISSUES,592.4499999999999,1351,133,0.5607462686567164
PACK OF 12 HEARTS DESIGN TISSUES ,2729.5099999999998,8775,427,0.4177389277389277
PACK OF 12 LONDON TISSUES ,7975.98,26119,512,0.44826003824091776
PACK OF 12 PAISLEY PARK TISSUES ,839.8399999999999,1840,136,0.5168115942028985
PACK OF 12 PINK PAISLEY TISSUES ,1112.6,3458,212,0.4711214953271028
PACK OF 12 PINK POLKADOT TISSUES,1197.73,4067,189,0.4273298429319371
PACK OF 12 RED APPLE TISSUES,465.36,1220,76,0.5376623376623376
PACK OF 12 RED RETROSPOT TISSUES ,2121.18,6685,297,0.40671140939597317
PACK OF 12 SKULL TISSUES,1582.1499999999999,5271,232,0.44693617021276594
PACK OF 12 SPACEBOY TISSUES,1024.2199999999998,3032,219,0.45162162162162156
PACK OF 12 STICKY BUNNIES,751.28,991,167,1.0253254437869823
PACK OF 12 SUKI TISSUES ,2215.6099999999997,7173,359,0.4738251366120218
PACK OF 12 TRADITIONAL CRAYONS,4072.13,9719,443,0.5406053811659193
PACK OF 12 VINTAGE CHRISTMAS TISSUE,1384.9099999999999,3039,155,0.5079245283018868
PACK OF 12 VINTAGE DOILY TISSUES,955.42,2272,119,0.48677685950413224
PACK OF 12 VINTAGE LEAF TISSUES ,562.88,1496,80,0.4760493827160494
PACK OF 12 WOODLAND TISSUES ,1651.3,5468,271,0.48146520146520144
PACK OF 20 NAPKINS PANTRY DESIGN,5670.0,6573,670,0.9899710982658959
PACK OF 20 NAPKINS RED APPLES,3569.58,4380,375,0.9678851174934725
PACK OF 20 SKULL PAPER NAPKINS,2233.1,2409,335,1.1530088495575221
PACK OF 20 SPACEBOY NAPKINS,1222.61,1538,145,1.0078231292517008
PACK OF 6 BIRDY GIFT TAGS,7547.89,6221,395,1.4756511056511057
PACK OF 6 COCKTAIL PARASOL STRAWS,1000.4399999999999,2501,111,0.5528448275862069
PACK OF 6 HANDBAG GIFT BOXES,1570.3999999999999,573,111,3.28875
PACK OF 6 LARGE FRUIT STRAWS ,1401.7,2282,151,0.7791390728476821
PACK OF 6 PANETTONE GIFT BOXES,548.63,233,18,3.1944444444444446
PACK OF 6 PANNETONE GIFT BOXES,5398.33,2097,178,3.0986592178770946
PACK OF 6 SANDCASTLE FLAGS ASSORTED,2172.2,2523,224,1.091578947368421
PACK OF 6 SKULL PAPER CUPS,1346.65,2113,171,0.7704545454545454
PACK OF 6 SKULL PAPER PLATES,1862.75,2321,193,1.0186153846153847
PACK OF 6 SMALL FRUIT STRAWS,682.39,1685,100,0.46819047619047616
PACK OF 6 SWEETIE GIFT BOXES,2649.35,1061,102,3.129326923076923
PACK OF 60 DINOSAUR CAKE CASES,6102.51,12312,601,0.6264715447154472
PACK OF 60 MUSHROOM CAKE CASES,2869.9,5199,393,0.8403266331658291
PACK OF 60 PINK PAISLEY CAKE CASES,12226.32,24820,869,0.7446931818181819
PACK OF 60 SPACEBOY CAKE CASES,4563.24,8420,520,0.7674003795066414
PACK OF 72 RETROSPOT CAKE CASES,21246.45,36396,1320,0.7612056213017753
PACK OF 72 SKULL CAKE CASES,8414.59,15169,663,0.797123695976155
PACK OF SIX LED TEA LIGHTS,5008.26,1752,203,3.2622815533980583
PACK/12 BLUE FOLKART CARDS,64.9,22,18,2.95
PACK/12 XMAS FUN CARD,100.30000000000001,34,11,2.95
PACKING CHARGE,105.0,14,14,7.5
PADS TO MATCH ALL CUSHIONS,0.003,3,3,0.001
PAINT YOUR OWN CANVAS SET,3986.64,2461,220,1.9142342342342342
PAINT YOUR OWN EGGS IN CRATE,299.36,164,5,2.022
PAINTED HEART WREATH WITH BELL,15.0,12,1,1.25
PAINTED LIGHTBULB RAINBOW DESIGN,98.11999999999999,152,51,0.7815686274509804
PAINTED LIGHTBULB STAR+ MOON,103.22999999999999,180,53,0.7132075471698113
PAINTED METAL HEART WITH HOLLY BELL,854.3499999999999,1372,97,0.9436538461538462
PAINTED METAL PEARS ASSORTED,7793.139999999999,4687,370,1.8063031914893617
PAINTED METAL STAR WITH HOLLY BELLS,1102.4199999999998,1916,117,0.7734166666666666
PAINTED PINK RABBIT ,485.15999999999997,572,136,0.8598561151079136
PAINTED SEA SHELL METAL WINDCHIME,85.31,93,8,1.53
PAINTED YELLOW WOODEN DAISY,516.79,612,117,0.8565833333333333
PAIR BUTTERFLY HAIR CLIPS,120.34,32,17,3.7676470588235293
PAIR OF ENAMEL BUTTERFLY HAIRCLIP,96.86,29,18,3.337222222222222
PAIR OF PINK FLOWER CLUSTER SLIDE,132.7,53,37,2.4975675675675673
PAIR PADDED HANGERS PINK CHECK,376.27000000000004,112,43,3.3988372093023256
PAISLEY PARK CARD,165.07999999999998,376,41,0.5885365853658536
PAISLEY PATTERN  STICKERS,111.86,125,32,1.0071875
PALE PINK/AMETHYST STONE NECKLACE,29.849999999999998,3,2,9.95
PANDA AND BUNNIES STICKER SHEET,355.83,408,81,0.9703703703703703
PANTRY 3 HOOK ROLLING PIN HANGER,876.9,219,66,4.536969696969697
PANTRY APPLE CORER,704.13,471,105,1.8700925925925926
PANTRY CHOPPING BOARD,5868.5,1154,57,6.361754385964912
PANTRY HOOK BALLOON WHISK ,477.89,213,47,2.777872340425532
PANTRY HOOK SPATULA,349.2,160,33,2.5148484848484847
PANTRY HOOK TEA STRAINER ,351.37,164,32,2.33625
PANTRY KITCHEN THERMOMETER ,154.52,112,31,1.562258064516129
PANTRY MAGNETIC  SHOPPING LIST,5062.599999999999,3342,475,1.7995876288659793
PANTRY PASTRY BRUSH,1543.77,1154,212,1.6372169811320754
PANTRY ROLLING PIN,9564.98,2464,238,4.3442436974789915
PANTRY SCRUBBING BRUSH,3910.0099999999998,2363,291,1.9236734693877549
PANTRY WASHING UP BRUSH,6391.82,4090,381,1.8184334203655352
PAPER BUNTING COLOURED LACE,5661.05,1893,238,3.5898333333333334
PAPER BUNTING PAISLEY PARK,679.07,249,31,3.186129032258065
PAPER BUNTING RETROSPOT,22785.06,7562,798,3.7798004987531173
PAPER BUNTING VINTAGE PAISLEY,4457.43,1423,272,3.5026277372262773
PAPER BUNTING VINTAGE PARTY,1215.53,427,47,3.2351063829787234
PAPER BUNTING WHITE LACE,11872.58,4082,326,3.396042296072508
PAPER CHAIN KIT 50'S CHRISTMAS ,64875.590000000004,19329,1160,3.362331081081081
PAPER CHAIN KIT EMPIRE,15099.37,5181,436,3.2728442437923255
PAPER CHAIN KIT LONDON,1358.0900000000001,463,94,3.2443157894736845
PAPER CHAIN KIT RETROSPOT,14051.640000000001,4616,610,3.7658756137479545
PAPER CHAIN KIT SKULLS ,1566.99,548,97,3.175714285714286
PAPER CHAIN KIT VINTAGE CHRISTMAS,32843.840000000004,10594,820,3.3676774969915764
PAPER LANTERN 5 POINT SEQUIN STAR,287.5,50,21,5.75
PAPER LANTERN 5 POINT STAR MOON ,456.48,108,20,4.564
PAPER LANTERN 5 POINT STAR MOON 30,41.5,10,5,4.15
PAPER LANTERN 5 POINT STUDDED STAR,46.0,8,4,5.75
PAPER LANTERN 6 POINT SNOW STAR,107.9,26,6,4.15
PAPER LANTERN 7 POINT SNOW STAR,711.51,103,28,7.361428571428571
PAPER LANTERN 9 POINT DELUXE STAR,2111.4900000000002,349,36,6.809444444444445
PAPER LANTERN 9 POINT HOLLY STAR 23,74.7,18,5,4.15
PAPER LANTERN 9 POINT HOLLY STAR 40,37.5,6,3,6.25
PAPER LANTERN 9 POINT HOLLY STAR L,506.01,75,20,7.492
PAPER LANTERN 9 POINT HOLLY STAR S,348.59000000000003,83,20,4.347142857142858
PAPER LANTERN 9 POINT SNOW STAR,1139.5800000000002,258,52,4.750769230769231
PAPER LANTERN 9 POINT SNOW STAR ,1325.03,241,37,6.332564102564103
PAPER POCKET TRAVELING FAN ,840.0200000000001,6591,138,0.3739855072463768
PAPERWEIGHT CHILDHOOD MEMORIES,440.34,266,36,2.7905555555555552
PAPERWEIGHT HOME SWEET HOME,245.57999999999998,158,29,2.8731034482758617
PAPERWEIGHT KINGS CHOICE ,230.67999999999998,168,23,2.640869565217391
PAPERWEIGHT SAVE THE PLANET,641.55,338,45,2.582888888888889
PAPERWEIGHT VINTAGE COLLAGE,736.88,510,71,2.9073239436619716
PAPERWEIGHT VINTAGE PAISLEY,220.04,152,33,3.3184848484848484
PARISIENNE CURIO CABINET,4507.08,546,241,9.16721991701245
PARISIENNE JEWELLERY DRAWER ,6102.18,813,258,8.39046511627907
PARISIENNE KEY CABINET ,4147.18,700,255,6.66234375
PARISIENNE SEWING BOX,3839.2400000000002,312,138,13.468920863309354
PARLOUR CERAMIC WALL HOOK,1869.0000000000002,450,75,4.255066666666667
PARTY BUNTING,99445.23,18283,1685,5.797928193054738
PARTY CHARMS 50 PIECES,1726.09,2251,133,1.0386029411764706
PARTY CONE CHRISTMAS DECORATION ,2664.6299999999997,2277,110,1.7685840707964602
PARTY CONES CANDY ASSORTED,2127.53,1762,76,1.395921052631579
PARTY CONES CANDY DECORATION,621.96,454,67,2.337910447761194
PARTY CONES CANDY TREE DECORATION,604.4599999999999,734,33,1.289090909090909
PARTY CONES CARNIVAL ASSORTED,504.88,404,22,2.227826086956522
PARTY FOOD SHOPPER BAG,469.63,400,73,1.3158108108108109
PARTY INVITES BALLOON GIRL,359.28999999999996,405,71,0.946619718309859
PARTY INVITES DINOSAURS,528.2299999999999,611,94,0.9231914893617021
PARTY INVITES FOOTBALL,451.7,488,83,1.0548192771084337
PARTY INVITES JAZZ HEARTS,458.31,528,102,0.9322549019607843
PARTY INVITES SPACEMAN,457.38,538,74,0.8575675675675676
PARTY INVITES WOODLAND,965.66,1154,122,0.9721774193548387
PARTY METAL SIGN ,5338.63,3485,467,2.0224472573839662
PARTY PIZZA DISH BLUE POLKADOT,399.05,1117,71,0.5980821917808219
PARTY PIZZA DISH GREEN POLKADOT,381.09,1034,59,0.5978333333333333
PARTY PIZZA DISH PINK POLKADOT,459.81,1225,76,0.6346052631578947
PARTY PIZZA DISH RED RETROSPOT,873.3299999999999,1974,94,0.6028723404255318
PARTY TIME DESIGN FLANNEL,75.35,86,25,1.0136
PARTY TIME PENCIL ERASERS,321.67,1396,134,0.3123880597014925
PASTEL BLUE PHOTO ALBUM ,14.5,29,2,0.5
PASTEL COLOUR HONEYCOMB FAN,697.77,940,83,1.2677380952380952
PASTEL PINK PHOTO ALBUM ,3.5,7,2,0.5
PEACE SMALL WOOD LETTERS,222.96,30,24,7.3183333333333325
PEACE WOODEN BLOCK LETTERS,1734.8700000000001,345,106,6.319629629629629
PEACH KNITTED HEN ,316.46,315,60,1.0498333333333332
"PEARL & SHELL 42""NECKL. GREEN",53.62,5,3,10.706666666666665
"PEARL & SHELL 42""NECKL. IVORY",21.5,2,1,10.75
PEARL AND CHERRY QUARTZ BRACLET,18.27,5,4,3.6925
PEARL CRYSTAL PUMPKIN T-LIGHT HLDR,2429.4999999999995,1462,159,1.7914999999999999
PEARLISED IVORY HEART LARGE ,661.02,418,39,1.765897435897436
PEARLISED IVORY HEART SMALL ,281.17,228,29,1.28125
PEG BAG APPLE DESIGN,210.0,100,1,2.1
PEG BAG APPLES DESIGN,3833.3599999999997,1484,287,3.2074394463667817
PENCIL CASE LIFE IS BEAUTIFUL,1615.91,534,130,3.5214074074074078
PENNY FARTHING BIRTHDAY CARD,1304.1399999999999,3042,262,0.5452091254752851
PENS ASSORTED FUNKY JEWELED ,1114.6399999999999,5211,144,0.33034722222222224
PENS ASSORTED FUNNY FACE,2571.4,9572,216,0.38857142857142857
PENS ASSORTED SPACEBALL,1368.1,5874,155,0.41865384615384615
PERIWINKLE T-LIGHT HOLDER,75.02,48,17,1.7658823529411765
"PET MUG, GOLDFISH",13.1,36,12,0.6383333333333333
PETIT TRAY CHIC,1736.6899999999998,1033,146,2.027808219178082
PHARMACIE FIRST AID TIN,4470.8099999999995,581,173,9.662068965517241
PHOTO CLIP LINE,334.98,236,49,1.7107999999999999
PHOTO CUBE,5978.78,3218,321,2.596676923076923
PHOTO FRAME 3 CLASSIC HANGING,5787.45,582,232,10.461965811965811
PHOTO FRAME CORNICE,9755.09,3267,504,3.213877952755906
PHOTO FRAME LINEN AND LACE LARGE,801.6800000000001,215,43,3.8148837209302324
PHOTO FRAME LINEN AND LACE SMALL,644.8000000000001,310,59,2.08
PICNIC BASKET WICKER 60 PIECES,39619.5,61,2,649.5
PICNIC BASKET WICKER LARGE,19302.26,1602,445,14.401595505617978
PICNIC BASKET WICKER SMALL,11789.27,1876,461,7.54717672413793
PICNIC BOXES SET OF 3 RETROSPOT ,4620.91,965,190,5.667329842931937
PICTURE DOMINOES,4798.38,3188,356,1.9796408839779005
PICTURE FRAME WOOD TRIPLE PORTRAIT,6977.6,1068,265,7.740037735849057
PIECE OF CAMO STATIONERY SET,326.56,3380,31,0.0967741935483871
PIG KEYRING WITH LIGHT & SOUND ,1386.97,1379,80,1.7235
PIG MUG IN TWO COLOUR DESIGNS,130.26999999999998,159,17,1.4352941176470588
PIGGY BANK RETROSPOT ,7111.18,2760,329,3.1144072948328265
PIN CUSHION BABUSHKA BLUE,410.81,137,45,3.2939999999999996
PIN CUSHION BABUSHKA PINK,1135.18,439,133,2.8105882352941176
PIN CUSHION BABUSHKA RED,656.4300000000001,201,45,3.8984444444444444
PING MICROWAVE APRON,1068.3799999999999,508,122,3.0187804878048783
PING! MICROWAVE PLATE,415.09000000000003,152,63,3.1066666666666665
PINK  HEART CONFETTI IN TUBE,888.3299999999999,966,78,1.5878481012658228
PINK  HEART SHAPE LOVE BUCKET ,1831.6200000000001,1042,123,3.216341463414634
PINK  HONEYCOMB PAPER BALL ,1308.56,693,80,2.8253086419753086
PINK  HONEYCOMB PAPER FAN,555.97,498,65,1.6775757575757575
PINK  POLKADOT CUP,2707.34,3016,307,1.1209354838709678
PINK  POLKADOT PLATE ,3449.6,2065,185,2.1288709677419355
PINK & WHITE BREAKFAST TRAY,369.84000000000003,96,35,4.716285714285714
PINK & WHITE ROSEBUD RING,88.04,21,15,4.176
PINK 3 PIECE POLKADOT CUTLERY SET,5520.02,1471,123,4.381869918699187
PINK ACRYLIC JEWEL SNOWFLAKE,4.5600000000000005,12,1,0.38
PINK ALLIUM  ARTIFICIAL FLOWER,5.07,3,1,1.69
PINK AND BLACK STRING CURTAIN,82.1,38,5,3.55
PINK AND WHITE CHRISTMAS TREE 120CM,553.07,201,34,4.017058823529412
PINK B'FLY C/COVER W BOBBLES,78.17,12,7,6.917142857142857
PINK BABY BUNTING,6677.969999999999,2179,345,4.122405797101449
PINK BAROQUE FLOCK CANDLE HOLDER,11.9,2,1,5.95
PINK BEADS+HAND PHONE CHARM,4.92,2,1,2.46
PINK BERTIE GLASS BEAD BAG CHARM,106.24,115,10,1.5399999999999998
PINK BERTIE MOBILE PHONE CHARM,3.36,1,1,3.36
PINK BITTY LIGHT CHAIN,201.31,106,36,2.8925
PINK BLUE FELT CRAFT TRINKET BOX,13828.1,10993,522,1.4207224334600759
PINK BOUDICCA LARGE BRACELET,264.7,38,12,6.97
PINK BOUDOIR T-LIGHT HOLDER,10.2,12,1,0.85
PINK BREAKFAST CUP AND SAUCER ,42.27,21,9,2.47
PINK BUNNY EASTER EGG BASKET,231.89999999999998,158,4,1.5999999999999999
PINK BUTTERFLY CUSHION COVER,44.849999999999994,23,5,1.95
PINK BUTTERFLY CUSHION COVER ,173.48,35,20,4.9590000000000005
PINK BUTTERFLY HANDBAG W BOBBLES,671.62,162,98,4.146326530612245
PINK BUTTERFLY WASHBAG,42.29,9,6,4.923333333333333
PINK CANDYSTUFT ARTIFICIAL FLOWER,96.88999999999999,137,11,1.0645454545454545
PINK CAT BOWL,583.33,360,123,1.754390243902439
PINK CAT FLORAL CUSHION COVER ,100.97,25,18,4.066666666666666
PINK CHERRY BLOSSOM CUP & SAUCER,7.5,6,1,1.25
PINK CHERRY LIGHTS,27.0,4,1,6.75
PINK CHICK EGG WARMER + EGG CUP,218.81,195,40,1.111
PINK CHRISTMAS FLOCK DROPLET ,15.02,10,3,2.09
PINK CHRYSANTHEMUMS ART FLOWER,37.800000000000004,18,1,2.1
PINK CLEAR GLASS CANDLE PLATE,39.92,30,5,1.6533333333333333
PINK COMBO MINI CRYSTALS NECKLACE,16.310000000000002,3,3,5.436666666666667
PINK CREAM FELT CRAFT TRINKET BOX ,9128.06,7337,616,1.4245659163987139
PINK CRYSTAL GUITAR PHONE CHARM,0.85,1,1,0.85
PINK CRYSTAL SKULL PHONE CHARM,13.94,20,9,1.3166666666666667
PINK CRYSTAL+GLASS BRACELET,104.53,21,14,4.9871428571428575
PINK DAISY BAG CHARM,74.64,30,19,2.472631578947368
PINK DIAMANTE PEN IN GIFT BOX,1206.97,424,103,4.093398058252427
PINK DINER WALL CLOCK,2741.35,307,121,9.943057851239669
PINK DISCO HANDBAG,180.51999999999998,84,22,2.429090909090909
PINK DOG BOWL,922.89,549,115,2.5988793103448278
PINK DOG CANNISTER,39.3,14,4,3.95
PINK DOLLY HAIR CLIPS,2.1,2,1,1.05
PINK DOUGHNUT TRINKET POT ,2546.2999999999997,1728,241,2.1447368421052633
PINK DRAWER KNOB ACRYLIC EDWARDIAN,5116.7,3793,254,1.66984375
PINK EASTER HENS+FLOWER,38.31,14,9,2.6033333333333335
PINK ENAMEL FLOWER HAIR TIE,64.46000000000001,22,11,2.9145454545454546
PINK ENAMEL+GLASS HAIR COMB,480.5,263,31,2.059354838709677
PINK FAIRY CAKE CHILDRENS APRON,6724.69,3341,495,2.47589898989899
PINK FAIRY CAKE CUSHION COVER,1182.99,285,89,4.651648351648352
PINK FEATHER CHRISTMAS DECORATION,2.51,1,1,2.51
PINK FEATHERS CURTAIN,50.28,52,3,0.9433333333333334
PINK FELT EASTER EGG BASKET,23.099999999999998,14,4,1.65
PINK FELT EASTER RABBIT GARLAND,323.15,122,29,2.8713333333333333
PINK FELT HANGING HEART W FLOWER,107.72,106,20,0.8879999999999999
PINK FLOCK GLASS CANDLEHOLDER,29.68,38,5,0.8879999999999999
PINK FLOCK PHOTO FRAME ,15.0,12,1,1.25
PINK FLOCK SUEDE CUSHION COVER ,15.0,12,2,1.25
PINK FLORAL FELTCRAFT SHOULDER BAG,4232.13,1116,262,4.193650190114068
PINK FLOWER CROCHET FOOD COVER,897.8,237,79,3.934430379746835
PINK FLOWER FABRIC PONY,446.23,115,48,4.163541666666666
PINK FLOWERS RABBIT EASTER,48.95,21,5,2.35
PINK FLUFFY CHRISTMAS DECORATION,7.82,26,2,0.9099999999999999
PINK FLY SWAT,63.720000000000006,92,43,0.7040909090909091
PINK FOXGLOVE ARTIIFCIAL FLOWER,58.64999999999999,23,4,2.55
PINK GAUZE BUTTERFLY LAMPSHADE,6.3,15,4,0.42
PINK GINGHAM CAT WITH SCARF,314.51,144,30,2.2963333333333336
PINK GLASS CANDLEHOLDER,558.37,175,38,3.677179487179487
PINK GLASS CHUNKY CHARM BRACELET,91.68,10,9,9.17
PINK GLASS TASSLE BAG CHARM ,82.97999999999999,45,20,1.8370000000000002
PINK GOOSE FEATHER TREE 60CM,267.21,131,19,2.568947368421053
PINK GREEN EMBROIDERY COSMETIC BAG,93.19,33,20,2.93
PINK HANGING GINGHAM EASTER HEN,13.44,32,5,0.42000000000000004
PINK HANGING HEART T-LIGHT HOLDER,1664.16,880,76,3.3044736842105267
PINK HAPPY BIRTHDAY BUNTING,12179.6,2335,402,5.9335980148883385
PINK HAWAIIAN PICNIC HAMPER FOR 2,709.2399999999999,78,55,9.104181818181818
PINK HEART DOTS HOT WATER BOTTLE,147.88,36,11,4.042727272727273
PINK HEART OF GLASS BRACELET,89.12,15,9,5.935555555555556
PINK HEART RED HANDBAG,76.14,29,18,2.6994444444444445
PINK HEART SHAPE EGG FRYING PAN,4753.53,3229,256,2.165366795366795
PINK HEART SHAPE PHOTO FRAME,520.91,321,39,2.0585
PINK HEARTS LIGHT CHAIN ,587.2,271,48,3.28375
PINK HEARTS PAPER GARLAND,245.20000000000002,168,7,1.5928571428571427
PINK HORSE SOCK PUPPET,776.4900000000001,255,57,3.5382758620689656
PINK HORSE SOCK PUPPET KIT,123.9,42,14,2.95
PINK HYDRANGEA ART FLOWER,96.60000000000001,46,5,2.1
PINK JEWELLED MIRROR TRINKET TRAY,210.54999999999998,34,18,8.18611111111111
PINK JEWELLED PHOTO FRAME,231.56,30,20,7.6825
PINK JEWELLED PHOTO FRAME ,326.35,62,19,5.931052631578948
PINK KNITTED EGG COSY,76.69,147,29,0.6940000000000001
PINK LEAVES AND BEADS PHONE CHARM,7.43,3,2,2.485
PINK LOVE BIRD CANDLE,356.08,351,50,1.3084
PINK LOVE HEART SHAPE CUP,770.73,816,133,1.286390977443609
PINK MARSHMALLOW SCARF KNITTING KIT,91.8,36,1,2.55
PINK METAL CHICKEN HEART ,1058.18,716,91,2.2159574468085106
PINK METAL SWINGING BUNNY,68.69999999999999,78,10,1.009
PINK MONTE CARLO HANDBAG,232.32999999999998,98,10,4.763
PINK MURANO TWIST BRACELET,29.73,7,3,4.243333333333333
PINK MURANO TWIST NECKLACE,79.66,8,6,9.959999999999999
PINK NEW BAROQUE FLOCK CANDLESTICK,27.900000000000002,6,3,4.65
PINK NEW BAROQUECANDLESTICK CANDLE,605.48,478,42,2.6080952380952382
PINK OVAL JEWELLED MIRROR,119.0,20,11,5.95
PINK OVAL SHAPE TRINKET BOX,186.64,20,13,8.999230769230769
PINK OWL SOFT TOY,2594.23,877,171,3.462046783625731
PINK PADDED MOBILE,573.54,134,42,4.346190476190476
PINK PAINTED KASHMIRI CHAIR,171.8,4,1,42.95
PINK PAISLEY CUSHION COVER ,192.14,26,17,7.464117647058822
PINK PAISLEY ROSE GIFT WRAP,498.5,1225,40,0.418
PINK PAISLEY SQUARE TISSUE BOX ,584.09,1366,117,0.6522314049586777
PINK PAPER PARASOL ,1439.0200000000002,458,102,3.6700000000000004
PINK PARTY BAGS,4649.5,2456,165,2.2805988023952097
PINK PARTY SUNGLASSES,36.76,20,12,1.8166666666666667
PINK PILLAR CANDLE SILVER FLOCK,129.47,81,19,2.4173684210526316
PINK POLKADOT BOWL,4747.34,3674,333,1.6501483679525224
PINK POLKADOT CHILDRENS UMBRELLA,506.96,140,46,4.205744680851064
PINK POLKADOT GARDEN PARASOL,1885.27,228,97,9.890927835051546
PINK POLKADOT KIDS BAG,1.95,1,1,1.95
PINK POLKADOT PLATE ,377.56,220,25,2.1284
PINK POLKADOT WRAP ,2593.0,6350,213,0.4169014084507042
PINK POODLE HANGING DECORATION ,16.8,5,2,3.36
PINK POT PLANT CANDLE,628.7900000000001,204,35,4.676
PINK REGENCY TEACUP AND SAUCER,17445.56,5788,765,3.708229166666667
PINK RETRO BIG FLOWER BAG,171.6,88,14,1.95
PINK RIVIERA HANDBAG,261.68,186,6,5.33
PINK ROSE FABRIC MIRROR,393.46999999999997,331,62,1.3503225806451613
PINK ROSE WASHBAG,560.62,156,74,3.5262162162162163
PINK ROSEBUD & PEARL NECKLACE,90.32,12,9,7.537777777777778
PINK ROSEBUD PEARL BRACELET,130.67,27,14,6.333571428571429
PINK ROSEBUD PEARL EARRINGS,39.98,16,15,2.5
PINK ROUND COMPACT MIRROR,58.16,40,4,2.27
PINK SCOTTIE DOG W FLOWER PATTERN,317.44,133,51,2.511764705882353
PINK SMALL GLASS CAKE STAND,46.8,24,1,1.95
PINK SMALL JEWELLED PHOTOFRAME,19.799999999999997,12,9,1.65
PINK SPOTS CHOCOLATE NESTING BOXES ,361.55999999999995,140,6,3.31
PINK SQUARE TABLE CLOCK,104.84,71,14,3.015
PINK STITCHED WALL CLOCK,828.24,679,61,3.807540983606557
PINK STOCKING CHRISTMAS DECORATION,92.21000000000001,226,19,0.6473684210526316
PINK STRAWBERRY HANDBAG ,163.1,60,34,2.751764705882353
PINK STRING CURTAIN WITH POLE,100.86,30,9,6.212222222222222
PINK SWEETHEART BRACELET,725.32,175,78,4.1883333333333335
PINK SWEETIE NECKLACE,15.120000000000001,2,2,7.5600000000000005
PINK TALL PORCELAIN T-LIGHT HOLDER ,12.75,5,4,2.55
PINK UNION JACK  LUGGAGE TAG,480.25,348,121,1.5743076923076922
PINK UNION JACK  PASSPORT COVER ,618.9300000000001,271,106,2.5725233644859813
PINK VINTAGE PAISLEY PICNIC BAG,4957.43,2672,410,2.0688009592326138
PINK VINTAGE SPOT BEAKER,4572.41,4807,191,1.06703125
PINK VINTAGE VICTORIAN EARRINGS,41.150000000000006,14,7,2.9285714285714284
PINK YELLOW PATCH CUSHION COVER,180.93,29,23,6.113478260869566
PINK/AMETHYST/GOLD NECKLACE,34.870000000000005,5,2,7.01
PINK/BLUE DISC/MIRROR STRING,244.17,566,15,0.9513333333333333
PINK/BLUE STRING CURTAIN ,128.32999999999998,57,5,5.386
PINK/FLOWER RABBIT EGG WARMER ,100.76,119,15,1.142
PINK/GREEN FLOWER DESIGN BIG MUG,17.16,40,16,0.48176470588235293
PINK/PURPLE CIRCLE CURTAIN,56.52,52,6,1.3414285714285714
PINK/PURPLE RETRO RADIO,622.27,218,53,2.970566037735849
"PINK/WHITE ""KEEP CLEAN"" BULLET BIN",283.96000000000004,76,33,4.502727272727273
PINK/WHITE CHRISTMAS TREE 30CM,17.48,46,2,0.38
PINK/WHITE CHRISTMAS TREE 60CM,493.01,684,42,1.4949999999999999
PINK/WHITE GLASS DEMI CHOKER,15.0,2,1,7.5
PINK/WHITE RIBBED MELAMINE JUG,23.85,3,3,7.95
PINK/YELLOW FLOWERS HANDBAG,132.5,106,8,1.25
PIZZA PLATE IN BOX,2153.06,592,179,4.238901098901099
PLACE SETTING WHITE HEART,6322.21,15126,332,0.5779646017699115
PLACE SETTING WHITE STAR,1053.08,2407,105,0.5537614678899082
PLASMATRONIC LAMP,446.45,71,25,8.1356
PLASTERS IN TIN CIRCUS PARADE ,10061.859999999999,6113,571,1.7862045060658576
PLASTERS IN TIN SKULLS,7132.119999999999,4242,560,1.9751052631578947
PLASTERS IN TIN SPACEBOY,13602.109999999999,8074,673,1.864023494860499
PLASTERS IN TIN STRONGMAN,9841.829999999998,6010,515,1.8509351145038169
PLASTERS IN TIN VINTAGE PAISLEY ,7762.239999999999,4712,566,1.900190972222222
PLASTERS IN TIN WOODLAND ANIMALS,13328.269999999999,7803,704,1.9113445378151261
PLAYING CARDS I LOVE LONDON ,1651.29,1200,115,1.3546153846153848
PLAYING CARDS JUBILEE UNION JACK,2848.89,1927,208,1.3483410138248846
PLAYING CARDS KEEP CALM & CARRY ON,4860.55,3643,335,1.279298245614035
PLAYING CARDS VINTAGE DOILEY ,16.25,13,2,1.25
PLAYING CARDS VINTAGE DOILY ,880.16,701,92,1.3027956989247311
PLEASE ONE PERSON METAL SIGN,25225.480000000003,12274,845,2.426067677946324
POCKET BAG BLUE PAISLEY RED SPOT,1003.4,831,128,1.4172307692307693
POCKET BAG PINK PAISELY BROWN SPOT,509.59,468,95,1.2945833333333334
"POCKET MIRROR ""GLAMOROUS""",6.25,5,2,1.25
POCKET MIRROR WOODLAND,80.55,93,20,0.914
POLKA DOT RAFFIA FOOD COVER,1085.32,290,89,3.8392134831460676
POLKADOT COFFEE CUP & SAUCER PINK,1489.01,1570,109,1.5553636363636365
POLKADOT MUG PINK ,123.29999999999998,72,13,2.210769230769231
POLKADOT PEN,5793.62,6842,170,1.1349411764705881
POLKADOT RAIN HAT ,916.99,1937,226,0.6697835497835498
POLYESTER FILLER PAD 30CMx30CM,133.75,107,26,1.25
POLYESTER FILLER PAD 40x40cm,2256.2,1556,185,1.45
POLYESTER FILLER PAD 45x30cm,149.35,103,38,1.45
POLYESTER FILLER PAD 45x45cm,1582.55,1021,137,1.55
POLYESTER FILLER PAD 60x40cm,5.1,2,1,2.55
POLYESTER FILLER PAD 65CMx65CM,76.5,18,6,4.25
POMPOM CURTAIN,2124.15,424,82,6.083414634146342
POP ART PUSH DOWN RUBBER ,11.759999999999998,98,2,0.12
POPART RECT PENCIL SHARPENER ASST,140.52,1166,33,0.1290909090909091
POPART WOODEN PENCILS ASST,380.0,8900,68,0.043478260869565216
POPCORN HOLDER,34288.67,36749,803,1.0208363636363635
POPPY FIELDS CHOPPING BOARD,501.23,93,45,5.598888888888888
POPPY'S PLAYHOUSE BATHROOM,2080.85,954,227,2.4989956331877727
POPPY'S PLAYHOUSE BEDROOM ,4661.79,2021,423,2.546305882352941
POPPY'S PLAYHOUSE KITCHEN,4880.83,2117,436,2.4816628701594534
POPPY'S PLAYHOUSE LIVINGROOM ,3236.5400000000004,1447,328,2.5151975683890577
PORCELAIN BUDAH INCENSE HOLDER,158.06,1525,34,0.42
PORCELAIN BUTTERFLY OIL BURNER,921.87,265,61,3.9436507936507934
PORCELAIN ROSE LARGE ,348.43000000000006,299,14,1.3821428571428573
PORCELAIN ROSE SMALL,1295.0,1607,63,1.104285714285714
PORCELAIN T-LIGHT HOLDERS ASSORTED,1146.52,822,101,1.7798039215686274
POSTE FRANCE CUSHION COVER,1877.65,435,150,4.954210526315789
POSY CANDY BAG,109.96,92,16,1.0925
POTTERING IN THE SHED METAL SIGN,9405.76,4175,538,2.6952573529411765
POTTERING MUG,4825.36,3789,333,2.0920059880239523
POTTING SHED CANDLE CITRONELLA,1268.1899999999998,405,3,3.85
POTTING SHED ROSE CANDLE,1541.11,493,25,2.6156
POTTING SHED SEED ENVELOPES,902.08,592,130,1.8283969465648853
POTTING SHED SOW 'N' GROW SET,12.72,2,2,6.36
POTTING SHED TEA MUG,3259.75,2477,302,1.7556578947368422
POTTING SHED TWINE,2272.79,980,110,2.417927927927928
PRETTY HANGING QUILTED HEARTS,1088.36,1276,74,1.3654054054054052
PSYCHEDELIC METAL SIGN CALENDAR,7.9,10,3,0.79
PSYCHEDELIC TILE COASTER,195.22,430,28,1.1860714285714287
PSYCHEDELIC TILE HOOK,182.95000000000002,299,44,1.088695652173913
PSYCHEDELIC WALL THERMOMETER,109.92999999999999,79,14,1.9214285714285713
PURPLE ACRYLIC FACETED BANGLE,132.05,107,8,1.6
PURPLE AMETHYST NECKLACE W TASSEL,49.81,5,5,9.962
PURPLE ANEMONE ARTIFICIAL FLOWER,6.76,4,1,1.69
PURPLE BERTIE GLASS BEAD BAG CHARM,110.03,95,19,2.0989473684210522
PURPLE BOUDICCA LARGE BRACELET,264.94,38,15,6.982
PURPLE CHUNKY GLASS+BEAD NECKLACE,11.95,1,1,11.95
PURPLE CRYSTAL DROP EARRINGS,8.76,3,3,2.92
PURPLE DRAWERKNOB ACRYLIC EDWARDIAN,4469.37,3105,237,1.743677685950413
PURPLE DRESS JEWELLERY STAND,48.19,61,3,0.79
PURPLE ENAMEL FLOWER HAIR TIE,64.28,22,15,2.9153333333333333
PURPLE ENAMEL FLOWER RING,202.51000000000002,69,28,2.9217857142857144
PURPLE ENAMEL+GLASS HAIR COMB,163.8,84,4,2.0125
PURPLE FINE BEAD NECKLACE W TASSEL,17.59,3,3,5.863333333333333
PURPLE FOXGLOVE ARTIIFCIAL FLOWER,28.049999999999997,11,3,2.55
PURPLE FRANGIPANI HAIRCLIP,23.16,28,12,0.8291666666666666
PURPLE FRANGIPANI NECKLACE,72.66,29,16,2.5
PURPLE GEMSTONE BRACELET,122.84,19,10,7.228999999999999
PURPLE GEMSTONE NECKLACE 45CM,102.0,8,5,12.75
PURPLE GLASS TASSLE BAG CHARM,77.03999999999999,42,14,1.7328571428571427
PURPLE LAS VEGAS BRACELET ROUND,26.25,7,3,3.75
PURPLE LEAVES AND BEADS PHONE CHAR,4.97,2,2,2.485
PURPLE PAPER PARASOL,1022.9900000000001,313,88,3.851818181818182
PURPLE SWEETHEART BRACELET,328.44,78,50,4.1948
PURPLE VINTAGE EARRINGS,25.17,6,3,4.180000000000001
PURPLE/BLUE CERAMIC CANDLE HOLDER,9.879999999999999,4,2,2.4699999999999998
PURPLE/COPPER HANGING LAMPSHADE,17.0,20,8,0.85
PURPLE/TURQ FLOWERS HANDBAG,2.5,2,1,1.25
QUEEN OF SKIES LUGGAGE TAG,292.29,197,99,1.7224242424242426
QUEEN OF THE SKIES HOLIDAY PURSE ,66.26,25,20,2.693
QUEEN OF THE SKIES PASSPORT COVER ,286.39,148,76,2.0278947368421054
QUEENS GUARD COFFEE MUG,5849.29,2431,272,2.7821167883211677
RABBIT  DESIGN  COTTON TOTE BAG,444.07,181,62,2.890483870967742
RABBIT EASTER DECORATION,23.6,8,3,2.9500000000000006
RABBIT NIGHT LIGHT,66870.03,30739,994,2.386401179941003
RAIN PONCHO ,268.76,411,5,0.9719999999999999
RAIN PONCHO RETROSPOT,7161.1,8875,243,1.0531854838709678
RAINBOW PEGS PHOTO CLIP STRING,189.88,290,39,0.9984615384615384
RAINY LADIES BIRTHDAY CARD,1023.73,2406,213,0.5876056338028169
RASPBERRY ANT COPPER FLOWER NECKLAC,77.91,13,8,6.0200000000000005
RASTA IN BATH W SPLIFF ASHTRAY,6.8,8,6,0.85
RATTLE SNAKE EGGS,689.35,813,102,1.4634313725490198
RECIPE BOX BLUE SKETCHBOOK DESIGN,5192.08,1516,356,4.052696629213483
RECIPE BOX PANTRY YELLOW DESIGN,26219.95,8269,1111,3.7048793565683646
RECIPE BOX RETROSPOT ,8045.1,2882,464,3.0373885350318472
RECIPE BOX WITH METAL HEART,95.4,12,6,7.95
"RECORD FRAME 7"" SINGLE SIZE ",11354.56,4374,361,3.676493150684932
RECTANGULAR SHAPED MIRROR,446.15000000000003,512,37,1.4297297297297298
RECYCLED ACAPULCO MAT BLUE,3223.49,365,162,9.636790123456791
RECYCLED ACAPULCO MAT GREEN,4286.55,497,205,9.223268292682926
RECYCLED ACAPULCO MAT LAVENDER,2604.93,295,130,9.533076923076923
RECYCLED ACAPULCO MAT PINK,3254.32,364,164,9.819390243902438
RECYCLED ACAPULCO MAT RED,3896.84,456,186,8.921505376344086
RECYCLED ACAPULCO MAT TURQUOISE,5949.34,654,278,9.784460431654676
RECYCLED PENCIL WITH RABBIT ERASER,695.4,3068,168,0.3164880952380952
RECYCLING BAG RETROSPOT ,15607.59,6896,748,3.1890400000000003
RED   ACRYLIC FACETED BANGLE,130.51000000000002,99,10,2.206
RED  EGG  SPOON,185.51999999999998,1369,92,0.25717391304347825
RED  HARMONICA IN BOX ,26294.08,21903,661,1.4255722891566265
RED 3 PIECE RETROSPOT CUTLERY SET,6494.66,1671,120,4.498760330578513
RED APPLES CHOPPING BOARD   ,770.32,152,45,5.8406666666666665
RED BABY BUNTING ,3559.0,1128,234,3.7677777777777783
RED BOUDICCA LARGE BRACELET,209.73000000000002,30,12,7.0025
RED CHARLIE+LOLA PERSONAL DOORSIGN,684.62,1290,125,0.8929133858267717
RED COAT RACK PARIS FASHION,1673.15,352,112,5.552053571428572
RED DAISY PAPER LAMPSHADE,62.5,50,6,1.25
RED DAISY POCKET BOOK ,136.64,158,33,0.9188235294117647
RED DINER WALL CLOCK,11857.07,1400,460,9.24141304347826
RED DRAGONFLY HELICOPTER,856.38,106,67,8.074705882352943
RED DRAWER KNOB ACRYLIC EDWARDIAN,2871.75,2254,140,1.5968794326241134
RED ENAMEL FLOWER RING,185.42000000000002,63,21,2.9342857142857146
RED ENCHANTED FOREST PLACEMAT,1454.8799999999999,678,110,2.361946902654867
RED FLOCK LOVE HEART PHOTO FRAME,572.67,1067,82,0.7425301204819278
RED FLORAL FELTCRAFT SHOULDER BAG,7229.43,1960,305,4.268562091503268
RED FLOWER CROCHET FOOD COVER,1116.89,304,112,3.8950892857142856
RED GINGHAM ROSE JEWELLERY BOX,3391.1499999999996,1740,286,2.321786941580756
RED GINGHAM TEDDY BEAR ,2302.94,770,169,3.6001775147929
RED GLASS TASSLE BAG CHARM,88.03,40,16,2.1325
RED HANGING HEART T-LIGHT HOLDER,23199.24,7872,741,3.160996015936255
RED HEART LUGGAGE TAG,447.34,304,96,1.6915841584158415
RED HEART SHAPE LOVE BUCKET ,2803.13,1395,159,3.200062893081761
RED HEARTS LIGHT CHAIN ,1042.66,503,63,3.13359375
RED KITCHEN SCALES,14082.2,1620,546,9.793315018315017
RED KUKUI COCONUT SEED NECKLACE,190.73000000000002,122,25,3.1552000000000002
RED LOVE HEART SHAPE CUP,939.03,1038,154,1.2053896103896105
RED METAL BEACH SPADE ,2113.39,1493,229,1.7087826086956521
RED METAL BOX TOP SECRET,9117.62,1074,257,9.339272030651342
RED PAPER PARASOL,1819.76,644,84,3.3333333333333335
RED PEONY CUSHION COVER ,79.05000000000001,17,5,4.65
RED PEONY TABLE CLOCK,47.2,16,10,2.95
RED POLKADOT BEAKER ,1603.77,3865,131,0.6057251908396946
RED POLKADOT COFFEE  MUG,729.6,1532,63,1.2461904761904763
RED POLKADOT PUDDING BOWL,46.39,34,7,1.7125000000000001
RED PUDDING SPOON,128.63,881,72,0.25069444444444444
RED PURSE WITH PINK HEART,8.75,7,2,1.25
RED REFECTORY CLOCK ,2501.64,250,110,11.109454545454545
RED RETRO KITCHEN WALL CLOCK,400.01,47,23,8.887391304347826
RED RETROSPOT APRON ,2199.52,334,131,7.234477611940299
RED RETROSPOT BIG BOWL,1336.78,286,96,4.550833333333333
RED RETROSPOT BOWL,6374.81,5023,448,1.631751662971175
RED RETROSPOT BUTTER DISH,4743.900000000001,969,238,5.474541666666667
RED RETROSPOT CAKE STAND,21354.3,2012,539,12.607560073937153
RED RETROSPOT CHARLOTTE BAG,21773.39,17761,1032,1.1461973180076628
RED RETROSPOT CHILDRENS UMBRELLA,4171.33,1235,237,4.018487394957983
RED RETROSPOT CUP,3488.44,3969,387,1.0694117647058823
RED RETROSPOT LUGGAGE TAG,652.11,433,105,1.7522429906542056
RED RETROSPOT MINI CASES,12634.98,1747,385,8.121839378238343
RED RETROSPOT MUG,5167.6900000000005,1847,156,3.3125477707006374
RED RETROSPOT OVEN GLOVE ,6320.51,4034,451,1.946069868995633
RED RETROSPOT OVEN GLOVE DOUBLE,3888.98,914,255,4.408677042801556
RED RETROSPOT PEG BAG,9296.3,3155,485,3.131690427698574
RED RETROSPOT PICNIC BAG,11665.19,3985,531,3.7098496240601504
RED RETROSPOT PLATE ,5699.71,3373,304,2.085625
RED RETROSPOT PUDDING BOWL,1387.96,332,61,4.504426229508196
RED RETROSPOT PURSE ,1546.2700000000002,461,156,4.068333333333333
RED RETROSPOT ROUND CAKE TINS,11522.439999999999,1088,344,12.575697674418604
RED RETROSPOT SHOPPER BAG,6604.29,4769,575,1.7783737024221455
RED RETROSPOT SHOPPING BAG,1353.6899999999998,523,90,3.0876666666666663
RED RETROSPOT SMALL MILK JUG,5986.01,2487,343,2.7591618497109827
RED RETROSPOT STORAGE JAR,1336.14,334,69,4.978169014084507
RED RETROSPOT SUGAR JAM BOWL,3682.17,1516,246,2.9028225806451613
RED RETROSPOT TAPE,858.7800000000001,1903,240,0.48406639004149377
RED RETROSPOT TEA CUP AND SAUCER ,2811.17,848,162,3.9930120481927713
RED RETROSPOT TISSUE BOX,1135.0,2166,200,1.066600985221675
RED RETROSPOT TRADITIONAL TEAPOT ,3724.9900000000002,477,144,8.525724137931034
RED RETROSPOT UMBRELLA,11265.26,1935,373,7.178954423592494
RED RETROSPOT WASHBAG,225.5,78,34,3.3058823529411767
RED RETROSPOT WRAP ,4311.92,10526,336,0.4180357142857143
RED ROCKING HORSE HAND PAINTED,2930.57,2329,160,1.5651851851851852
RED ROSE AND LACE C/COVER,8.850000000000001,3,1,2.95
RED SHARK HELICOPTER,421.18,52,36,8.079444444444444
RED SPOT CERAMIC DRAWER KNOB,6054.79,4402,369,1.7286216216216217
RED SPOT PAPER GIFT BAG,1962.83,2456,131,0.867175572519084
RED SPOTTY BISCUIT TIN,10116.49,2433,394,5.90964824120603
RED STAR CARD HOLDER,1997.48,848,149,3.0438666666666667
RED STONE/CRYSTAL EARRINGS,8.7,3,3,2.9
RED STRIPE CERAMIC DRAWER KNOB,7481.16,5494,437,1.6713832199546486
RED TEA TOWEL CLASSIC DESIGN,755.96,630,73,1.2952054794520547
RED TOADSTOOL LED NIGHT LIGHT,23919.78,14001,849,2.3904327485380117
RED VICTORIAN FABRIC OVAL BOX,352.25,862,98,0.6579591836734694
RED VINTAGE SPOT BEAKER,1603.3899999999999,1879,198,1.03395
RED WHITE SCARF  HOT WATER BOTTLE,566.1700000000001,69,16,7.61125
RED WOOLLY HOTTIE WHITE HEART.,22025.73,4734,429,5.128721461187215
RED/CREAM STRIPE CUSHION COVER ,509.9,414,60,1.2468333333333335
REGENCY CAKE FORK,2145.3,1715,98,1.593061224489796
REGENCY CAKE SLICE,2718.65,578,92,5.579673913043479
REGENCY CAKESTAND 3 TIER,174156.54,13851,1988,13.983936223218734
REGENCY MILK JUG PINK ,9587.15,3160,329,3.8787915407854987
REGENCY MIRROR WITH SHUTTERS,1530.0,10,7,156.42857142857142
REGENCY SUGAR BOWL GREEN,12342.43,3055,322,4.795123456790124
REGENCY SUGAR TONGS,4515.22,1832,209,3.329234449760766
REGENCY TEA PLATE GREEN ,10051.99,6247,381,2.128433420365535
REGENCY TEA PLATE PINK,6344.409999999999,3861,305,2.06783606557377
REGENCY TEA PLATE ROSES ,11097.249999999998,6857,445,2.075707865168539
REGENCY TEA SPOON,1794.48,1450,76,1.4881578947368421
REGENCY TEA STRAINER,5143.6900000000005,1412,176,4.422272727272728
REGENCY TEAPOT ROSES ,24879.13,2766,416,11.119714964370546
REINDEER HEART DECORATION GOLD,869.15,993,103,1.0827884615384615
REINDEER HEART DECORATION SILVER,1363.04,1536,145,1.0762416107382549
RELAX LARGE WOOD LETTERS,844.28,129,29,10.630344827586207
RESIN BRACELET W PASTEL BEADS,19.8,4,3,4.95
RESIN NECKLACE W PASTEL BEADS,67.62,9,7,7.517142857142857
RETO LEAVES MAGNETIC SHOPPING LIST,52.199999999999996,36,3,1.45
"RETRO ""TEA FOR ONE"" ",120.99,21,17,5.608823529411764
RETRO BROWN BALL ASHTRAY ,51.25,41,5,1.25
RETRO COFFEE MUGS ASSORTED,3839.01,2567,159,5.427469135802469
RETRO LEAVES MAGNETIC NOTEPAD,154.08999999999997,105,19,1.5376190476190477
RETRO LONGBOARD IRONING BOARD COVER,551.51,285,105,2.583714285714286
RETRO MOD TRAY,717.11,800,156,1.1140384615384615
"RETRO PILL BOX , REVOLUTIONARY",35.14,189,11,0.21
"RETRO PILL BOX KEY CHAIN,THE KING",43.65,235,14,0.18928571428571428
RETRO PINK BALL ASHTRAY ,57.5,46,13,1.25
RETRO PLASTIC 70'S TRAY,183.10999999999999,387,64,0.6287692307692307
RETRO PLASTIC DAISY TRAY,164.59,300,60,0.786031746031746
RETRO PLASTIC ELEPHANT TRAY,812.53,1105,65,0.8364615384615384
RETRO PLASTIC POLKA TRAY,426.65999999999997,866,81,0.698735632183908
"RETRO TIN ASHTRAY,REVOLUTIONARY",19.4,52,4,0.38
RETROSPOT BABUSHKA DOORSTOP,495.2,251,54,2.802037037037037
RETROSPOT CANDLE  LARGE,362.12,273,30,2.675
RETROSPOT CANDLE  MEDIUM,413.88,365,43,2.175581395348837
RETROSPOT CANDLE  SMALL,374.49,403,42,2.0392857142857146
RETROSPOT CHILDRENS APRON,6091.099999999999,3170,358,2.3748888888888886
RETROSPOT CIGAR BOX MATCHES ,2149.07,2149,216,1.1326008968609864
RETROSPOT GIANT TUBE MATCHES,3442.5,1494,132,2.5266666666666664
RETROSPOT HEART HOT WATER BOTTLE,17663.98,3524,623,5.63684375
RETROSPOT LAMP,3521.54,330,155,11.514709677419354
RETROSPOT LARGE MILK JUG,6651.72,1351,339,5.303294117647059
RETROSPOT PADDED SEAT CUSHION,2860.98,750,83,4.555903614457831
RETROSPOT PARTY BAG + STICKER SET,7043.94,4492,317,1.8778124999999999
RETROSPOT RED WASHING UP GLOVES,3088.86,1457,304,2.5132573289902282
RETROSPOT SMALL TUBE MATCHES,1743.35,1059,146,1.6487012987012986
RETROSPOT TEA SET CERAMIC 11 PC ,22868.260000000002,4518,962,5.730788381742739
RETROSPOT WOODEN HEART DECORATION,1886.28,2076,246,1.1022619047619047
REVOLVER WOODEN RULER ,10373.99,5233,348,2.2714044943820224
REX CASH+CARRY JUMBO SHOPPER,1784.1,1878,871,0.95
RIBBON REEL CHRISTMAS PRESENT ,2694.15,1388,259,2.3409022556390977
RIBBON REEL CHRISTMAS SOCK BAUBLE,3556.97,1818,318,2.3681619937694705
RIBBON REEL FLORA + FAUNA ,1176.5,644,138,2.313525179856115
RIBBON REEL HEARTS DESIGN ,3325.29,1897,323,2.0423312883435583
RIBBON REEL LACE DESIGN ,2923.21,1369,192,2.6293401015228426
RIBBON REEL MAKING SNOWMEN ,2297.1,1222,223,2.3843612334801763
RIBBON REEL POLKADOTS ,2003.48,1206,155,1.9770063694267515
RIBBON REEL SNOWY VILLAGE,3829.67,2173,275,2.3363176895306856
RIBBON REEL SOCKS AND MITTENS,1379.21,741,136,2.5397857142857143
RIBBON REEL STRIPES DESIGN ,4661.88,2680,409,1.9854457831325298
RIBBONS PURSE ,377.2,192,51,2.0466666666666664
RIDGED BONNE JAM JAR T-LIGHT HOLDER,437.81999999999994,274,25,1.7651999999999999
RIDGED GLASS FINGER BOWL,504.68,974,59,0.9606666666666667
RIDGED GLASS POSY VASE ,444.58,219,47,2.208085106382979
RIDGED GLASS STORAGE JAR CREAM LID,350.22,98,18,3.7310526315789474
RIDGED GLASS T-LIGHT HOLDER,283.51,412,43,0.8558139534883721
RING OF ROSES BIRTHDAY CARD,761.05,1835,130,0.5516793893129771
RIVIERA NECKLACE,49.59,10,5,4.968000000000001
ROBIN CHRISTMAS CARD,5.02,10,4,0.625
ROBOT BIRTHDAY CARD,1695.32,3929,354,0.5297183098591549
ROBOT MUG IN DISPLAY BOX,3.75,3,2,1.25
ROCKING HORSE GREEN CHRISTMAS ,1244.6699999999998,1380,179,1.0617032967032967
ROCKING HORSE RED CHRISTMAS ,2185.48,2434,254,1.0800387596899224
ROCOCO WALL MIROR,39.9,2,1,19.95
ROCOCO WALL MIRROR WHITE,1567.1399999999999,78,45,20.713555555555555
ROLL WRAP 50'S CHRISTMAS,4875.65,3535,354,1.5103072625698326
ROLL WRAP 50'S RED CHRISTMAS ,2459.2,1800,212,1.511643192488263
ROLL WRAP VINTAGE CHRISTMAS,4342.6,3221,337,1.5426530612244898
ROLL WRAP VINTAGE SPOT ,3445.08,2712,305,1.4612861736334404
ROMANTIC IMAGES GIFT WRAP SET,776.49,789,135,1.0937037037037038
ROMANTIC IMAGES NOTEBOOK SET,564.35,414,33,2.033333333333333
ROMANTIC IMAGES SCRAP BOOK SET,45.9,16,7,3.892857142857143
ROMANTIC PINKS RIBBONS ,1518.15,1216,225,1.360086956521739
ROSE 1 WICK MORRIS BOXED CANDLE,1066.8600000000001,742,84,2.427241379310345
ROSE 3 WICK MORRIS BOX CANDLE,1769.13,1138,131,2.5615555555555556
ROSE CARAVAN DOORSTOP,3162.24,562,162,7.511472392638037
ROSE COLOUR PAIR HEART HAIR SLIDES,56.31,15,10,3.7600000000000002
ROSE COTTAGE KEEPSAKE BOX ,7851.98,794,189,11.976137566137565
ROSE DU SUD COSMETICS BAG,360.84,96,52,3.6173076923076923
ROSE DU SUD CUSHION COVER,460.58,78,46,5.887391304347826
ROSE DU SUD CUSHION COVER ,257.61,59,34,4.274705882352941
ROSE DU SUD DRAWSTRING BAG,428.66,125,66,3.3995454545454544
ROSE DU SUD OVEN GLOVE,505.20000000000005,185,69,2.66231884057971
ROSE DU SUD WASHBAG ,348.19,73,50,4.6192
ROSE FLOWER CANDLE+INCENSE 16X16CM,15.0,4,2,3.75
ROSE FOLKART HEART DECORATIONS,600.93,462,88,1.8164835164835167
ROSE PENDANT TRIPLE SHELL NECKLACE,20.36,4,2,5.23
ROSE SCENT CANDLE IN JEWELLED BOX,1387.94,330,65,4.856666666666667
ROSE SCENT CANDLE JEWELLED DRAWER,722.47,529,41,4.261463414634147
ROSES REGENCY TEACUP AND SAUCER ,29056.920000000002,9864,1065,3.661425908667288
ROTATING LEAVES T-LIGHT HOLDER,3571.33,1928,313,2.6051265822784813
ROTATING SILVER ANGELS T-LIGHT HLDR,26425.579999999998,9461,449,3.415258620689655
ROUND ARTICULATED PINK CLOCK W/SUCK,5.32,28,3,0.19000000000000003
ROUND BLUE CLOCK WITH SUCKER,40.09,211,10,0.19
ROUND CACTUS CANDLE,17.700000000000003,6,4,2.95
ROUND CAKE TIN VINTAGE GREEN,4101.77,529,213,8.441549295774648
ROUND CAKE TIN VINTAGE RED,6903.79,913,271,8.366014760147602
ROUND CONTAINER SET OF 5 RETROSPOT,2661.89,1603,238,2.0687866108786612
ROUND PINK HEART MIRROR,188.81,85,22,2.5686363636363634
ROUND PURPLE CLOCK WITH SUCKER,69.35,365,24,0.19
ROUND SNACK BOXES SET OF 4 FRUITS ,19094.97,6835,581,3.275880341880342
ROUND SNACK BOXES SET OF 4 SKULLS,4304.25,1167,287,4.334896551724138
ROUND SNACK BOXES SET OF4 WOODLAND ,24364.870000000003,8535,732,3.4687721691678037
ROUND STORAGE TIN VINTAGE LEAF,1593.58,864,103,2.1018446601941747
ROUND WHITE CONFETTI IN TUBE,189.67999999999998,108,13,2.0014285714285713
RUBY DROP CHANDELIER EARRINGS,83.42,21,14,4.083571428571429
RUBY GLASS CLUSTER BRACELET,122.64000000000001,20,14,6.180000000000001
RUBY GLASS CLUSTER EARRINGS,54.62,44,33,1.2387878787878788
RUBY GLASS CLUSTER NECKLACE,15.0,2,1,7.5
"RUBY GLASS NECKLACE 42""",7.5,1,1,7.5
RUSTIC  SEVENTEEN DRAWER SIDEBOARD,5415.0,35,26,158.07692307692307
RUSTIC MIRROR WITH LACE HEART,2354.87,459,83,7.090361445783133
RUSTIC STRAWBERRY JAM POT LARGE ,577.48,279,38,2.2357894736842105
RUSTIC STRAWBERRY JAM POT SMALL,681.54,426,32,1.8299999999999998
RUSTIC STRAWBERRY JAMPOT LARGE ,238.56,120,6,2.0416666666666665
RUSTIC STRAWBERRY JAMPOT SMALL,59.39999999999999,36,3,1.6499999999999997
"RUSTIC WOODEN CABINET, GLASS DOORS",174.76999999999998,5,3,33.28666666666667
S/12 MINI RABBIT EASTER,556.53,337,69,1.8753521126760564
S/12 VANILLA  BOTANICAL T-LIGHTS,661.9300000000001,227,42,3.1461904761904766
S/15 SILVER GLASS BAUBLES IN BAG,725.52,558,62,1.7536507936507935
S/2 BEACH HUT TREASURE CHESTS,9.95,3,2,3.975
S/2 ZINC HEART DESIGN PLANTERS,388.04999999999995,39,28,9.95
S/3 PINK SQUARE PLANTERS ROSES,88.22,10,9,8.88111111111111
S/3 POT POURI CUSHIONS BLUE COLOURS,50.400000000000006,24,2,2.1
S/4 BLACK DISCO PARTITION PANEL,24.869999999999997,3,1,8.29
S/4 BLACK MINI ROSE CANDLE IN BOWL,265.77,305,67,1.5844776119402983
S/4 CACTI CANDLES,2927.08,613,157,7.02828025477707
S/4 GROOVY CAT MAGNETS,175.16,149,24,1.794230769230769
"S/4 ICON COASTER,ELVIS LIVES",10.61,25,9,0.4855555555555556
S/4 IVORY MINI ROSE CANDLE IN BOWL,1174.6299999999999,806,172,1.6247398843930634
S/4 PINK FLOWER CANDLES IN BOWL,1712.6,920,185,2.1776842105263157
S/4 VALENTINE DECOUPAGE HEART BOX,2440.09,1483,131,2.8517557251908396
S/6 SEW ON CROCHET FLOWERS,140.02,110,20,1.376
S/6 WOODEN SKITTLES IN COTTON BAG,3674.11,1147,231,3.8581196581196586
SALLE DE BAIN HOOK,777.5699999999999,548,103,1.752952380952381
SAMPLES,63.05,2,2,31.525
SANDALWOOD FAN,1978.6399999999999,2090,145,1.2422758620689656
SANDWICH BATH SPONGE,1022.8,719,97,1.9605154639175257
SAVE THE PLANET COTTON TOTE BAG,1664.8999999999999,720,175,2.7186285714285714
SAVE THE PLANET MUG,6679.56,5453,357,1.8128531855955676
SAVOY ART DECO CLOCK,1453.5800000000002,239,53,10.390188679245282
SCALLOP SHELL SOAP DISH,2.1,1,1,2.1
SCANDINAVIAN 3 HEARTS NAPKIN RING,696.8,1932,124,1.001290322580645
SCANDINAVIAN PAISLEY PICNIC BAG,4995.38,2720,446,2.0698666666666665
SCANDINAVIAN REDS RIBBONS,4144.32,2969,451,1.6593654266958426
SCENTED CANDLE IN DIGITALIS TIN,126.04000000000002,56,13,2.5869230769230773
SCENTED VELVET LOUNGE CANDLE ,760.15,1790,55,0.5452727272727272
SCHOOL DESK AND CHAIR ,1199.75,19,13,63.91538461538461
SCOTTIE DOG HOT WATER BOTTLE,24455.39,4655,771,5.805300896286813
SCOTTIE DOGS BABY BIB,951.1099999999999,1993,246,0.6983870967741935
SCOTTIES CHILDRENS APRON,348.91999999999996,210,57,1.6921052631578946
SCOTTIES DESIGN WASHBAG,314.54999999999995,170,56,1.9028571428571428
SEASIDE FLYING DISC,626.53,505,81,1.5980246913580247
SET 10 CARD CHRISTMAS STAMPS 16963,5.82,2,1,2.91
SET 10 CARD CHRISTMAS WELCOME 17112,23.28,8,6,2.91
SET 10 CARD KRAFT REINDEER 17084,49.800000000000004,20,14,2.4899999999999998
SET 10 CARD PERFECT NATIVITY 17089,9.96,4,4,2.49
SET 10 CARD SNOWMAN 16965,12.450000000000001,5,4,2.49
SET 10 CARDS 12 DAYS OF XMAS 17059,11.64,4,1,2.91
SET 10 CARDS 12 DAYS WRAP  17058,86.58000000000001,26,11,3.33
SET 10 CARDS 3 WISE MEN 17107,2.91,1,1,2.91
SET 10 CARDS CHEERFUL ROBIN 17065,31.200000000000003,15,10,2.08
SET 10 CARDS CHRISTMAS BAUBLE 16954,3.33,1,1,3.33
SET 10 CARDS CHRISTMAS HOLLY  17259,12.48,3,3,4.16
SET 10 CARDS CHRISTMAS ROBIN 17095,6.24,3,3,2.08
SET 10 CARDS CHRISTMAS TREE 16955,16.65,5,5,3.3299999999999996
SET 10 CARDS DAVID'S MADONNA 17074,14.940000000000001,6,4,2.49
SET 10 CARDS DECK THE HALLS 16960,4.98,2,2,2.49
SET 10 CARDS DINKY TREE 17076,107.07000000000001,43,16,2.49
SET 10 CARDS DRESSING UP 17077,59.760000000000005,24,10,2.49
SET 10 CARDS FILIGREE BAUBLE 16961,9.96,4,4,2.49
SET 10 CARDS HANGING BAUBLES 17080,5.48,2,2,2.74
SET 10 CARDS HATS & STOCKINGS 17081,13.28,8,7,1.66
SET 10 CARDS JINGLE BELLS 16957,19.92,8,5,2.49
SET 10 CARDS JINGLE BELLS 17217,19.92,8,7,2.4899999999999998
SET 10 CARDS MAGICAL TREE 17086,13.32,4,4,3.33
SET 10 CARDS OUT OF ORDER 17216,27.39,11,9,2.49
SET 10 CARDS PERFECT POST 17090,24.900000000000002,10,7,2.4899999999999998
SET 10 CARDS POINSETTIA 17093,9.96,4,2,2.49
SET 10 CARDS PRINTED GRAPHIC 17219,9.96,4,4,2.49
SET 10 CARDS RED RIDING HOOD 17214,99.60000000000001,40,16,2.49
SET 10 CARDS ROBIN WATERPUMP  17096,5.82,2,2,2.91
SET 10 CARDS RUDOLPHS NOSE 17097,11.64,4,3,2.91
SET 10 CARDS SCOTTIE DOG 17211,22.410000000000004,9,8,2.49
SET 10 CARDS SNOWY ROBIN 17099,2.91,1,1,2.91
SET 10 CARDS SNOWY SNOWDROPS  17100,19.92,8,4,2.49
SET 10 CARDS SWIRLY XMAS TREE 17104,5.82,2,1,2.91
SET 10 CARDS TRIANGLE ICONS  17220,2.91,1,1,2.91
SET 10 CARDS WISHING TREE 17116,26.19,9,7,2.91
SET 10 CARDS WORLD CHILDREN 17067,7.470000000000001,3,3,2.49
SET 10 CARDS XMAS CHOIR 17068,14.55,5,5,2.91
SET 10 CARDS XMAS GRAPHIC  17218,17.43,7,2,2.49
SET 10 CHRISTMAS CARDS HOHOHO 16956,22.410000000000004,9,4,2.49
SET 10 LIGHTS NIGHT OWL,3317.4700000000003,461,119,9.038333333333332
SET 10 MINI SANTA & SNOWMAN  17087,6.64,4,2,1.66
SET 10 MINICARDS CUTE SNOWMAN 17071,8.299999999999999,5,2,1.66
SET 10 NIGHT OWL LIGHTS,3908.73,505,170,8.948604651162789
SET 10 XMAS CARDS & BADGES 17070,27.39,11,6,2.49
SET 12 COLOUR PENCILS DOILEY,31.200000000000003,48,3,0.65
SET 12 COLOUR PENCILS DOLLY GIRL ,1679.5500000000002,2379,232,0.784322033898305
SET 12 COLOUR PENCILS LOVE LONDON,1463.0800000000002,1857,169,0.7943930635838151
SET 12 COLOUR PENCILS SPACEBOY ,2491.2000000000003,3278,282,0.7566666666666667
SET 12 COLOURING PENCILS DOILEY,0.65,1,1,0.65
SET 12 COLOURING PENCILS DOILY,1636.1000000000001,2200,191,0.8190721649484536
SET 12 KIDS  WHITE CHALK STICKS,1701.93,4151,225,0.49755555555555553
SET 12 KIDS COLOUR  CHALK STICKS,2950.25,7199,369,0.5195967741935483
SET 12 LAVENDER  BOTANICAL T-LIGHTS,2086.69,763,76,3.0362337662337664
SET 12 RETRO WHITE CHALK STICKS,1973.49,4599,359,0.5460273972602739
SET 12 VINTAGE DOILY CHALK ,586.23,1312,110,0.4831858407079646
SET 2 PANTRY DESIGN TEA TOWELS,8999.27,2811,372,3.6862698412698416
SET 2 TEA TOWELS I LOVE LONDON ,6856.38,2124,264,3.914609665427509
SET 20 NAPKINS FAIRY CAKES DESIGN ,2368.64,2741,350,1.000593220338983
SET 3 PAPER VINTAGE CHICK PAPER EGG,5014.650000000001,1775,214,3.115555555555556
"SET 3 RETROSPOT TEA,COFFEE,SUGAR",11382.81,2128,430,7.409124423963133
SET 3 SONG BIRD PAPER EGGS ASSORTED,3271.4100000000003,1171,138,3.0120289855072464
SET 3 WICKER OVAL BASKETS W LIDS,5961.25,463,33,14.623939393939393
SET 3 WICKER STORAGE BASKETS ,3399.95,241,74,19.355405405405406
SET 36 COLOUR PENCILS DOILEY,80.0,64,3,1.25
SET 36 COLOUR PENCILS DOLLY GIRL,1750.29,1389,147,1.6135761589403974
SET 36 COLOUR PENCILS LOVE LONDON,1581.06,1105,126,1.4970542635658914
SET 36 COLOUR PENCILS SPACEBOY ,2304.78,1705,185,1.5179032258064515
SET 36 COLOURING PENCILS DOILEY,1.25,1,1,1.25
SET 36 COLOURING PENCILS DOILY,2070.35,1485,147,1.5463758389261746
SET 4 NURSERY DES ROUND BOXES,57.25,55,9,1.55
SET 4 PICNIC CUTLERY BLUEBERRY,159.9,82,9,1.9500000000000002
SET 4 PICNIC CUTLERY CHERRY ,138.45,71,9,1.9500000000000002
SET 4 PICNIC CUTLERY FONDANT,126.75,65,6,1.95
SET 4 VALENTINE DECOUPAGE HEART BOX,557.33,171,64,3.905076923076923
SET 40 HEART SHAPE PETIT FOUR CASES,6792.23,4303,161,1.8389570552147239
SET 6 CARDS SPARKLY REINDEER 17262,44.910000000000004,9,4,4.99
SET 6 FOOTBALL CELEBRATION CANDLES,830.98,657,103,1.3202884615384616
SET 6 PAPER TABLE LANTERN HEARTS ,8558.76,2328,297,4.093564356435643
SET 6 PAPER TABLE LANTERN STARS ,7250.900000000001,1932,246,4.236586345381526
SET 6 SCHOOL MILK BOTTLES IN CRATE,13269.49,2841,405,4.845672371638142
SET 7 BABUSHKA NESTING BOXES,14427.970000000001,1787,380,9.79502617801047
SET 8 CANDLES VINTAGE DOILEY,216.29999999999998,122,7,1.907142857142857
SET 8 CANDLES VINTAGE DOILY,2070.1,1060,107,2.0720183486238533
SET OF 10 LANTERNS FAIRY LIGHT STAR,2368.37,577,99,4.6737254901960785
SET OF 10 LED DOLLY LIGHTS,13290.519999999999,2219,372,6.469919571045577
SET OF 12  VINTAGE POSTCARD SET,1718.5400000000002,2180,143,1.3232167832167832
SET OF 12 FAIRY CAKE BAKING CASES,6989.54,8471,552,1.0651805054151624
SET OF 12 FORK CANDLES,3507.51,1249,141,3.3956338028169015
SET OF 12 MINI BUNNIES IN A BUCKET,71.4,34,19,2.1
SET OF 12 MINI LOAF BAKING CASES,5073.45,6134,444,1.1117555555555554
SET OF 12 ROSE BOTANICAL T-LIGHTS,153.29000000000002,51,9,3.2655555555555558
SET OF 12 T-LIGHTS VINTAGE DOILEY,118.94999999999999,61,6,1.95
SET OF 12 T-LIGHTS VINTAGE DOILY,1747.51,929,73,1.9891780821917808
SET OF 16 VINTAGE BLACK CUTLERY,1722.74,140,50,14.076199999999998
SET OF 16 VINTAGE IVORY CUTLERY,25.5,2,2,12.75
SET OF 16 VINTAGE PISTACHIO CUTLERY,3585.99,317,104,14.927403846153847
SET OF 16 VINTAGE RED CUTLERY,1736.35,160,58,12.856379310344828
SET OF 16 VINTAGE ROSE CUTLERY,3264.63,272,101,14.169411764705883
SET OF 16 VINTAGE SKY BLUE CUTLERY,1931.1699999999998,178,66,12.521363636363636
SET OF 2 CERAMIC CHRISTMAS REINDEER,2018.1399999999999,1447,89,1.6910112359550562
SET OF 2 CERAMIC CHRISTMAS TREES,1152.98,779,94,1.7109473684210526
SET OF 2 CERAMIC PAINTED HEARTS ,1646.32,1174,125,1.501171875
SET OF 2 CHRISTMAS DECOUPAGE CANDLE,1232.27,1212,161,1.2376687116564418
SET OF 2 ROUND TINS CAMEMBERT ,748.82,282,98,3.648367346938776
SET OF 2 ROUND TINS DUTCH CHEESE,535.11,253,79,3.0289873417721522
SET OF 2 TEA TOWELS APPLE AND PEARS,6334.3,2058,284,3.6027972027972033
SET OF 2 TEA TOWELS PING MICROWAVE,306.16,149,76,2.4578947368421056
SET OF 2 TINS JARDIN DE PROVENCE,967.05,248,96,4.889270833333334
SET OF 2 TINS VINTAGE BATHROOM ,1140.9,224,100,5.889399999999999
SET OF 2 TRAYS HOME SWEET HOME,2709.43,265,133,10.68142857142857
SET OF 2 WOODEN MARKET CRATES,7190.349999999999,526,208,15.007980769230768
SET OF 20 KIDS COOKIE CUTTERS,9383.150000000001,4311,517,2.518560460652591
SET OF 20 VINTAGE CHRISTMAS NAPKINS,8041.179999999999,8976,610,0.9908974358974358
SET OF 3 BABUSHKA STACKING TINS,1356.3,274,13,4.950000000000001
SET OF 3 BIRD LIGHT PINK FEATHER ,979.11,1848,223,0.9135497835497836
SET OF 3 BLACK FLYING DUCKS,2934.8100000000004,577,111,6.268839285714286
SET OF 3 BUTTERFLY COOKIE CUTTERS,8153.56,5799,688,1.7178818443804036
SET OF 3 CAKE TINS PANTRY DESIGN ,38108.89,7483,1385,5.83371408045977
SET OF 3 CAKE TINS SKETCHBOOK,4671.81,1020,297,5.396275167785235
SET OF 3 COLOURED  FLYING DUCKS,1888.1000000000001,394,39,5.244871794871795
SET OF 3 CONEY ISLAND OVAL BOXES,66.12,13,8,5.171250000000001
SET OF 3 GOLD FLYING DUCKS,454.65,127,21,5.35
SET OF 3 HANGING OWLS OLLIE BEAK,4521.72,3720,325,1.4738323353293412
SET OF 3 HEART COOKIE CUTTERS,8518.4,6332,685,1.6291907514450867
SET OF 3 MINI HANGING PORTRAITS,123.2,32,2,3.95
SET OF 3 NOTEBOOKS IN PARCEL,9027.439999999999,5435,422,2.050720930232558
SET OF 3 PANTRY WOODEN SPOONS,306.66,225,41,1.7221951219512195
SET OF 3 PINK FLYING DUCKS,5.45,1,1,5.45
SET OF 3 REGENCY CAKE TINS,31118.550000000003,6345,873,5.883424657534246
SET OF 3 WOODEN HEART DECORATIONS,5147.19,3863,445,1.4479957805907173
SET OF 3 WOODEN SLEIGH DECORATIONS,2690.81,1963,299,1.496592356687898
SET OF 3 WOODEN STOCKING DECORATION,2743.82,2053,319,1.454005934718101
SET OF 3 WOODEN TREE DECORATIONS,2404.79,1769,293,1.4839016393442621
SET OF 36 DINOSAUR PAPER DOILIES,499.08,335,65,1.6887692307692308
SET OF 36 DOILIES PANTRY DESIGN,3983.6,2741,244,1.7355510204081632
SET OF 36 DOILIES SPACEBOY DESIGN ,1135.3999999999999,817,68,1.5816176470588235
SET OF 36 DOLLY GIRL PAPER DOILIES,69.66,45,15,1.744
SET OF 36 MUSHROOM PAPER DOILIES,230.54999999999998,159,30,1.45
SET OF 36 PAISLEY FLOWER DOILIES,3545.6,2219,360,2.144388888888889
SET OF 36 PANTRY PAPER DOILIES,139.78,67,33,2.3147058823529414
SET OF 36 SPACEBOY PAPER DOILIES,75.42,51,8,1.63375
SET OF 36 TEATIME PAPER DOILIES,4471.17,3051,334,1.9834730538922156
SET OF 36 VINTAGE CHRISTMAS DOILIES,71.27,38,8,1.8175
SET OF 4 BLACK LOVEBIRD COASTERS,554.78,451,82,1.8233734939759036
SET OF 4 CAROUSEL PLACEMATS ,183.45,91,23,3.5413043478260873
SET OF 4 DIAMOND NAPKIN RINGS,1393.79,166,38,10.532105263157895
SET OF 4 ENGLISH ROSE COASTERS,1760.8,1249,279,1.846085409252669
SET OF 4 ENGLISH ROSE PLACEMATS,4193.12,1000,298,5.176375838926174
SET OF 4 FAIRY CAKE PLACEMATS,843.34,222,83,3.977738095238095
SET OF 4 FAIRY CAKE PLACEMATS ,965.41,519,68,3.1501470588235296
SET OF 4 GREEN CAROUSEL COASTERS,50.75,35,17,1.7029411764705882
SET OF 4 JAM JAR MAGNETS,5842.88,2701,235,2.2075000000000005
SET OF 4 KNICK KNACK TINS  DOILEY ,24.900000000000002,6,1,4.15
SET OF 4 KNICK KNACK TINS DOILEY ,7248.79,1819,182,4.260486486486487
SET OF 4 KNICK KNACK TINS DOILY ,9726.480000000001,2352,353,4.541388888888889
SET OF 4 KNICK KNACK TINS LEAF,3020.61,747,123,4.271626016260163
SET OF 4 KNICK KNACK TINS LEAVES ,1253.7800000000002,306,54,4.204444444444444
SET OF 4 KNICK KNACK TINS LONDON ,7771.610000000001,1849,274,4.752158273381295
SET OF 4 KNICK KNACK TINS POPPIES,3353.84,842,178,4.393646408839779
SET OF 4 NAPKIN CHARMS 3 KEYS ,446.84,237,57,2.5242105263157892
SET OF 4 NAPKIN CHARMS CROWNS ,481.88,300,52,2.2776923076923077
SET OF 4 NAPKIN CHARMS CUTLERY,3039.66,1251,125,2.8548837209302325
SET OF 4 NAPKIN CHARMS HEARTS,1935.1599999999999,805,148,2.7926490066225167
SET OF 4 NAPKIN CHARMS INSTRUMENT,303.72999999999996,139,37,2.5927027027027023
SET OF 4 NAPKIN CHARMS LEAVES   ,441.83,238,48,2.1975
SET OF 4 NAPKIN CHARMS STARS   ,596.36,269,51,2.645283018867924
SET OF 4 PANTRY JELLY MOULDS,16478.48,12649,1073,1.497788990825688
SET OF 4 PISTACHIO LOVEBIRD COASTER,553.01,475,93,1.8238709677419356
SET OF 4 POLKADOT COASTERS,310.03,172,77,1.9944155844155844
SET OF 4 POLKADOT PLACEMATS ,821.16,173,78,5.307435897435898
SET OF 4 ROSE BOTANICAL CANDLES,1429.49,881,165,2.0507185628742515
SET OF 4 SANTA PLACE SETTINGS,1531.95,1202,108,1.4116216216216215
SET OF 5 LUCKY CAT MAGNETS ,5513.83,2633,255,2.674823529411765
SET OF 5 MINI GROCERY MAGNETS,3423.29,1665,205,2.261497584541063
SET OF 5 PANCAKE DAY MAGNETS,4713.52,2293,223,2.3199107142857143
SET OF 6 3D KIT CARDS FOR KIDS,1359.3999999999999,1477,223,1.1168558951965064
SET OF 6 CAKE CHOPSTICKS,978.23,640,153,1.904258064516129
SET OF 6 EASTER RAINBOW CHICKS,15.0,12,1,1.25
SET OF 6 FUNKY BEAKERS,1843.6100000000001,551,162,4.164846625766871
SET OF 6 GIRLS CELEBRATION CANDLES,748.95,592,126,1.3354330708661417
SET OF 6 HALLOWEEN GHOST T-LIGHTS,317.83,691,83,0.6486746987951807
SET OF 6 HEART CHOPSTICKS,1139.65,811,152,1.6988535031847132
SET OF 6 HERB TINS SKETCHBOOK,4262.820000000001,1164,295,4.301208053691275
SET OF 6 ICE CREAM SKITTLES,47.2,16,3,2.9500000000000006
SET OF 6 KASHMIR FOLKART BAUBLES,1120.26,710,83,2.0566666666666666
SET OF 6 NATIVITY MAGNETS ,5143.06,2557,163,2.361597633136095
SET OF 6 RIBBONS COUNTRY STYLE,499.18,172,26,3.543846153846154
SET OF 6 RIBBONS PARTY,476.0,170,16,3.40875
SET OF 6 RIBBONS PERFECTLY PRETTY  ,724.59,251,43,3.2853488372093027
SET OF 6 RIBBONS VINTAGE CHRISTMAS,10610.04,3261,422,3.5106250000000006
SET OF 6 SNACK LOAF BAKING CASES,3607.81,4392,354,1.089776536312849
SET OF 6 SOLDIER SKITTLES,9895.04,2480,443,4.664125560538116
SET OF 6 SPICE TINS PANTRY DESIGN,24436.260000000002,5966,834,4.676517119244393
SET OF 6 STRAWBERRY CHOPSTICKS,1054.44,801,144,1.8067586206896553
SET OF 6 T-LIGHTS CACTI ,2419.29,881,108,3.8372477064220183
SET OF 6 T-LIGHTS EASTER CHICKS,1038.8700000000001,345,75,3.601466666666667
SET OF 6 T-LIGHTS SANTA,3781.2000000000003,1240,204,3.5039805825242722
SET OF 6 T-LIGHTS SNOWMEN,3022.0800000000004,944,165,3.5977108433734943
SET OF 6 T-LIGHTS TOADSTOOLS,2417.73,818,195,3.7699492385786804
SET OF 6 T-LIGHTS WEDDING CAKE ,677.0400000000001,260,38,3.388421052631579
SET OF 6 TEA TIME BAKING CASES,5985.55,4979,378,1.524240837696335
SET OF 6 VINTAGE NOTELETS KIT,560.11,563,42,2.0207142857142855
SET OF 60 I LOVE LONDON CAKE CASES ,4495.85,8275,407,0.7424170616113744
SET OF 60 PANTRY DESIGN CAKE CASES ,6371.89,12049,629,0.6839469578783152
SET OF 60 VINTAGE LEAF CAKE CASES ,3272.61,6139,382,0.6942159383033419
SET OF 72 GREEN PAPER DOILIES,59.449999999999996,41,18,1.45
SET OF 72 PINK HEART PAPER DOILIES,6671.25,4311,510,2.1471037181996087
SET OF 72 RETROSPOT PAPER  DOILIES,8368.39,5808,453,1.7856512141280352
SET OF 72 SKULL PAPER  DOILIES,1270.07,883,103,1.7360576923076922
SET OF 9 BLACK SKULL BALLOONS,2417.24,2828,226,1.0173127753303963
SET OF 9 HEART SHAPED BALLOONS,3445.5,2757,266,1.4632089552238805
SET OF PICTURE FRAME  STICKERS,590.4200000000001,134,62,5.0358064516129035
SET OF SALT AND PEPPER TOADSTOOLS,3021.6,2472,199,1.2452261306532664
SET OF SKULL WALL STICKERS,274.37,95,20,3.3560000000000003
SET OF TEA COFFEE SUGAR TINS PANTRY,23489.420000000002,4800,470,5.866072186836518
SET OF THREE VINTAGE GIFT WRAPS,1.95,1,1,1.95
SET/10 BLUE POLKADOT PARTY CANDLES,4863.05,4011,240,1.2982644628099174
SET/10 IVORY POLKADOT PARTY CANDLES,1380.84,1143,154,1.185923566878981
SET/10 PINK POLKADOT PARTY CANDLES,6488.54,5325,344,1.373
SET/10 RED POLKADOT PARTY CANDLES,7998.85,6606,379,1.3711488250652741
SET/12 FUNKY FELT FLOWER PEG IN BAG,416.91,223,48,2.0664583333333333
SET/12 TAPER CANDLES,605.89,607,93,1.2690526315789472
SET/2 RED RETROSPOT TEA TOWELS ,8536.85,2599,394,4.550554156171285
SET/20 FRUIT SALAD PAPER NAPKINS ,143.44,88,25,1.63
SET/20 RED RETROSPOT PAPER NAPKINS ,11312.56,13202,986,1.0935721393034825
SET/20 STRAWBERRY PAPER NAPKINS ,2531.04,2769,313,1.2559047619047619
SET/3 CHRISTMAS DECOUPAGE CANDLES,1005.3199999999999,892,69,1.9310144927536232
SET/3 DECOUPAGE STACKING TINS,992.5200000000001,193,69,5.95536231884058
SET/3 FLORAL GARDEN TOOLS IN BAG,23.85,3,2,7.95
SET/3 OCEAN SCENT CANDLE JEWEL BOX,1855.37,399,114,5.47
SET/3 POLKADOT STACKING TINS,389.55,78,29,5.624137931034483
SET/3 POT PLANT CANDLES,424.46000000000004,68,32,7.133125
SET/3 RABBITS FLOWER SKIPPPING ROPE,112.55999999999999,126,26,0.9944444444444444
SET/3 RED GINGHAM ROSE STORAGE BOX,11905.95,3034,477,4.931106471816284
SET/3 ROSE CANDLE IN JEWELLED BOX,1911.8899999999999,401,112,5.833716814159293
SET/3 TALL GLASS CANDLE HOLDER PINK,89.22,4,3,21.243333333333332
SET/3 VANILLA SCENTED CANDLE IN BOX,3186.5,726,162,5.390864197530864
SET/4 2 TONE EGG SHAPE MIXING BOWLS,9.95,1,1,9.95
SET/4 BADGES BALLOON GIRL,561.84,448,89,1.4985555555555556
SET/4 BADGES BEETLES,348.19,265,73,1.5762162162162163
SET/4 BADGES CUTE CREATURES,340.22,261,54,1.3612962962962964
SET/4 BADGES DOGS,445.01,338,89,1.5551685393258428
SET/4 BIRD MIRROR MAGNETS ,181.32999999999998,459,51,0.9040384615384615
SET/4 BLUE FLOWER CANDLES IN BOWL,229.46999999999997,137,35,1.6975
SET/4 BUTTERFLY MIRROR MAGNETS,39.199999999999996,79,13,1.2646153846153847
SET/4 COLOURFUL MIXING BOWLS,661.9799999999999,70,43,9.826279069767441
SET/4 DAISY MIRROR MAGNETS,192.73999999999998,494,44,1.044318181818182
SET/4 GARDEN ROSE DINNER CANDLE,11.549999999999999,7,3,1.6499999999999997
SET/4 MODERN VINTAGE COTTON NAPKINS,86.75,77,23,1.1656521739130437
SET/4 RED MINI ROSE CANDLE IN BOWL,1142.4299999999998,744,191,1.8798952879581152
SET/4 SKULL BADGES,1080.0,914,165,1.0932934131736527
SET/4 SPRING FLOWER DECORATION,1376.53,1143,128,2.0197674418604654
SET/4 WHITE RETRO STORAGE CUBES ,16363.300000000001,415,155,45.23225806451613
SET/5 RED RETROSPOT LID GLASS BOWLS,17623.350000000002,6073,879,3.2893721973094174
SET/5 RED SPOTTY LID GLASS BOWLS,734.4,288,1,2.55
SET/6 BEAD COASTERS GAUZE BAG GOLD,309.29999999999995,582,27,1.9044444444444442
SET/6 BLACK BIRD T-LIGHT CANDLES,316.75,215,39,2.3964102564102565
SET/6 COLLAGE PAPER CUPS,773.14,2610,181,0.5010869565217392
SET/6 COLLAGE PAPER PLATES,1274.1899999999998,2413,217,0.638211009174312
SET/6 EAU DE NIL BIRD T-LIGHTS,608.53,335,72,2.6856944444444446
SET/6 FROG PRINCE T-LIGHT CANDLES,795.02,479,86,2.90367816091954
SET/6 FRUIT SALAD  PAPER PLATES,581.09,1259,105,0.5745714285714285
SET/6 FRUIT SALAD PAPER CUPS,428.28000000000003,1678,103,0.41398058252427183
SET/6 GREEN SPRING PAPER CUPS,48.99,233,25,0.2844
SET/6 IVORY BIRD T-LIGHT CANDLES,2.1,1,1,2.1
SET/6 PINK  BUTTERFLY T-LIGHTS,4007.85,2096,186,2.3841176470588237
SET/6 PINK BIRD T-LIGHT CANDLES,796.99,451,100,2.7365
SET/6 POSIES PAPER CUPS,74.57000000000001,141,16,0.6025
SET/6 POSIES PAPER PLATES,118.72999999999999,125,14,0.9614285714285714
SET/6 PURPLE BUTTERFLY T-LIGHTS,2145.2000000000003,888,196,3.1656565656565654
SET/6 RED SPOTTY PAPER CUPS,4851.5,7121,428,0.9603908045977011
SET/6 RED SPOTTY PAPER PLATES,6933.259999999999,8758,527,0.9860338345864661
SET/6 TURQUOISE BUTTERFLY T-LIGHTS,2561.02,1279,165,2.426547619047619
SET/9 CHRISTMAS T-LIGHTS SCENTED ,30.0,24,7,1.25
SET3 BOOK BOX GREEN GINGHAM FLOWER ,5163.63,1207,262,5.438282442748092
SEWING BOX RETROSPOT DESIGN ,2124.54,209,86,13.27546511627907
SEWING SUSAN 21 NEEDLE SET,880.4699999999999,918,172,1.2030232558139533
SHELF WITH 4 HOOKS HOME SWEET HOME,2409.34,461,107,6.854074074074074
SHOE SHINE BOX ,633.0699999999999,57,44,11.448181818181817
"SILICON CUBE 25W, BLUE",4.62,11,2,0.42
SILICON STAR BULB  BLUE,7.56,18,8,0.42
SILK PURSE BABUSHKA BLUE,657.76,194,58,3.5171186440677964
SILK PURSE BABUSHKA PINK,1583.95,491,143,3.25
SILK PURSE BABUSHKA RED,775.8000000000001,222,51,4.14686274509804
SILVER  CANDLEPOT JARDIN ,82.5,22,7,3.75
SILVER 2 STRAND NECKLACE-LEAF CHARM,15.0,2,2,7.5
SILVER AND BLACK ORBIT NECKLACE,13.350000000000001,2,2,6.675000000000001
SILVER APERITIF GLASS,128.4,276,8,0.8225
SILVER BELLS TABLE DECORATION,2739.38,2166,257,1.426235741444867
SILVER BLACK ORBIT BRACELET,68.73,13,11,5.307272727272728
SILVER BLACK ORBIT DROP EARRINGS,50.400000000000006,12,9,4.183333333333334
SILVER BOOK MARK WITH BEADS,182.25,161,34,1.7126470588235294
SILVER BRACELET W PASTEL FLOWER,244.68,32,19,7.686315789473684
SILVER CHRISTMAS TREE BAUBLE STAND ,577.35,34,23,17.517391304347825
SILVER DIAMANTE PEN IN GIFT BOX,548.93,173,66,3.803823529411765
SILVER DISCO HANDBAG,272.99,129,35,2.485
SILVER DROP EARRINGS WITH FLOWER,67.36,18,14,3.7399999999999998
SILVER FABRIC MIRROR,219.35000000000002,458,46,0.7071739130434783
SILVER FISHING GNOME ,419.52000000000004,52,27,9.361851851851853
SILVER FLOWR PINK SHELL NECKLACE,342.76000000000005,53,4,7.21
SILVER GLASS T-LIGHT SET,525.75,201,17,3.2276470588235298
SILVER GLITTER FLOWER VOTIVE HOLDER,437.59,1409,57,0.49448275862068963
SILVER HANGING T-LIGHT HOLDER,7622.639999999999,4789,290,1.8617465753424658
SILVER HEARTS TABLE DECORATION,1075.03,1274,157,0.970754716981132
SILVER HOOP EARRINGS WITH FLOWER,168.0,28,18,6.027777777777778
SILVER JEWELLED MIRROR TRINKET TRAY,695.23,95,45,9.787555555555555
SILVER LARIAT 40CM,163.82,26,10,9.729000000000001
SILVER LARIAT BLACK STONE EARRINGS,67.87,16,10,4.237
SILVER LATTICE VANILLA CANDLE POT,63.75,17,7,3.75
SILVER LOOKING MIRROR,24.75,5,2,4.95
SILVER M.O.P ORBIT BRACELET,197.09,38,27,5.245555555555556
SILVER M.O.P ORBIT DROP EARRINGS,193.33,46,37,4.194054054054054
SILVER M.O.P. ORBIT NECKLACE,54.800000000000004,11,6,6.675
SILVER MINI TAPE MEASURE ,271.21999999999997,158,26,1.7962962962962963
SILVER MUG BONE CHINA TREE OF LIFE,1415.8500000000001,1162,111,1.845840707964602
SILVER OVAL SHAPE TRINKET BOX,221.79999999999998,25,17,8.609411764705882
SILVER PHOTO FRAME,409.83,136,37,3.0435135135135134
SILVER PLATE CANDLE BOWL SMALL,1101.2800000000002,348,57,3.8033333333333337
SILVER RECORD COVER FRAME,1649.6399999999999,365,41,6.041219512195122
SILVER ROCCOCO CHANDELIER,504.32,14,9,39.39666666666667
SILVER ROCOCO CANDLE STICK,340.7,146,14,3.3785714285714286
SILVER STANDING GNOME   ,217.35999999999999,44,22,5.079090909090909
SILVER STARS TABLE DECORATION,1739.6299999999999,2031,213,0.9744859813084111
SILVER T-LIGHT SETTING,924.29,143,28,7.292142857142857
SILVER TEDDY BEAR,244.72,64,27,4.016666666666667
SILVER VANILLA  FLOWER CANDLE POT,369.87,95,26,4.273846153846154
SILVER/AMETHYST DROP EARRINGS LEAF,58.43,20,19,2.92
SILVER/BLACK ORBIT NECKLACE,29.849999999999998,3,2,9.95
SILVER/BLACK PENDANT ORBIT NECKLACE,24.96,3,3,8.32
SILVER/CRYSTAL DROP EARRINGS W LEAF,46.76,16,10,2.911
SILVER/M.O.P PENDANT ORBIT NECKLACE,105.71000000000001,17,7,7.815714285714286
SILVER/MOP ORBIT NECKLACE,162.79,16,15,10.189333333333334
SILVER/NAT SHELL NECKLACE W PENDANT,28.76,5,5,5.752000000000001
SILVER/NATURAL SHELL NECKLACE,68.0,8,4,8.5
SINGLE ANTIQUE ROSE HOOK IVORY,2752.2,1868,261,1.5256226415094338
SINGLE HEART ZINC T-LIGHT HOLDER,6830.5,6265,507,1.3822047244094489
SINGLE WIRE HOOK IVORY HEART,1231.51,879,82,1.5985714285714285
SINGLE WIRE HOOK PINK HEART,528.6999999999999,414,27,1.6128571428571428
SIX DRAWER OFFICE TIDY,616.79,65,27,10.162592592592592
SKETCHBOOK MAGNETIC SHOPPING LIST,2253.7,1442,246,1.95914979757085
SKULL AND CROSSBONES  GARLAND ,1684.85,1067,132,1.6689473684210525
SKULL DESIGN TV DINNER TRAY,1590.82,313,138,5.9325179856115104
SKULL LUNCH BOX WITH CUTLERY ,5550.219999999999,2131,412,3.376298076923077
SKULL SHOULDER BAG,4480.28,2421,411,2.140631067961165
SKULLS  DESIGN  COTTON TOTE BAG,590.67,252,79,2.8841772151898732
SKULLS  STICKERS,1028.58,1140,138,1.12731884057971
SKULLS  WATER TRANSFER TATTOOS ,1687.6799999999998,1972,174,1.1164
SKULLS AND CROSSBONES WRAP,2356.0,5800,165,0.41769696969696973
SKULLS DESIGN FLANNEL,313.01,287,103,1.3337864077669903
SKULLS GREETING CARD,778.89,1891,115,0.4853043478260869
SKULLS PARTY BAG + STICKER SET,1677.9999999999998,1032,148,1.798724832214765
SKULLS SQUARE TISSUE BOX,354.82,755,59,1.1886440677966101
SKULLS STORAGE BOX LARGE,320.49,87,30,4.644
SKULLS STORAGE BOX SMALL,256.44,96,41,3.225853658536585
SKULLS TAPE,251.17000000000002,704,70,0.6367605633802818
SKULLS WRITING SET ,1484.1299999999999,864,252,1.9820703124999999
SLATE TILE NATURAL HANGING,2235.9399999999996,1472,162,1.9492073170731707
SLEEPING CAT ERASERS,1047.93,4991,290,0.29846938775510207
SMALL APOTHECARY MEASURING JAR ,629.0500000000001,81,28,8.078571428571427
SMALL BLUE PROVENCAL CERAMIC BALL,103.93999999999998,62,9,1.832222222222222
SMALL BONNE JAM JAR  T-LIGHT HOLDER,808.16,422,22,2.0316666666666667
SMALL CAMPHOR WOOD FIELD  MUSHROOM,215.67999999999998,121,41,2.4429268292682926
SMALL CERAMIC TOP STORAGE JAR ,4476.009999999999,5847,231,1.0025210084033613
SMALL CHINESE STYLE SCISSOR,4335.76,13328,54,0.4014814814814815
SMALL CHOCOLATES PINK BOWL,956.4599999999999,1858,246,0.6337903225806452
SMALL CHUNKY GLASS ROMAN  BOWL,214.73000000000002,159,15,3.048666666666667
SMALL DECO JEWELLERY STAND,2005.81,243,79,8.972278481012658
SMALL DOLLY MIX DESIGN ORANGE BOWL,2564.99,5030,527,0.6323408239700373
SMALL FOLDING SCISSOR(POINTED EDGE),360.71,2892,70,0.13614285714285712
SMALL FOLKART STAR CHRISTMAS DEC,350.48,1245,54,0.860909090909091
SMALL GLASS HEART TRINKET POT,9798.980000000001,4246,541,2.8415313653136534
SMALL GLASS SUNDAE DISH CLEAR,984.4699999999999,739,63,1.942063492063492
SMALL HAMMERED SILVER CANDLEPOT ,1107.91,361,50,3.35
SMALL HANGING GLASS+ZINC LANTERN,62.349999999999994,43,8,1.45
SMALL HANGING IVORY/RED WOOD BIRD,1302.31,2660,261,0.5927611940298507
SMALL HEART FLOWERS HOOK ,1540.4499999999998,1761,172,1.1178612716763006
SMALL HEART MEASURING SPOONS,2754.16,2847,472,1.2229853862212943
SMALL IVORY HEART WALL ORGANISER,5138.6,1020,152,6.2221710526315785
SMALL JEWELLERY STAND,132.0,16,6,8.25
SMALL KITCHEN FLOWER POTS PLAQUE,331.5,50,37,6.668918918918919
SMALL LICORICE DES PINK BOWL,436.78,574,85,1.0889411764705883
SMALL MARSHMALLOWS PINK BOWL,1982.98,3748,447,0.679671052631579
SMALL MEDINA STAMPED METAL BOWL ,612.1,771,47,1.258723404255319
SMALL PARISIENNE HEART PHOTO FRAME ,2239.2400000000002,939,142,2.7882394366197185
SMALL PARLOUR FRAME,106.98000000000002,42,2,2.6900000000000004
SMALL PARLOUR PICTURE FRAME,462.45,165,33,2.8782352941176472
SMALL PINK GLASS SUNDAE DISH,476.38,939,40,1.1465
SMALL PINK MAGIC CHRISTMAS TREE,282.38,645,40,0.6804878048780487
SMALL POLKADOT CHOCOLATE GIFT BAG ,819.64,943,52,1.0317307692307691
SMALL POP BOX FUNKY MONKEY,353.98,258,87,1.5590909090909089
"SMALL POP BOX,FUNKY MONKEY",216.47,152,34,1.5923529411764705
SMALL POPCORN HOLDER,17045.8,20149,589,1.0751602023608768
SMALL PURPLE BABUSHKA NOTEBOOK ,1187.96,1687,251,0.9793280632411067
SMALL RED BABUSHKA NOTEBOOK ,1350.4699999999998,1951,266,1.0024253731343282
SMALL RED RETROSPOT MUG IN BOX ,2354.4,948,116,4.214017094017094
SMALL RED RETROSPOT WINDMILL,3766.93,3075,226,1.469078947368421
SMALL REGAL  SILVER CANDLEPOT ,840.33,307,24,3.395
SMALL ROUND CUT GLASS CANDLESTICK,760.39,161,33,5.201212121212122
SMALL SILVER FLOWER CANDLE POT,857.6800000000001,284,41,3.365609756097561
SMALL SILVER TRELLIS CANDLEPOT,672.4000000000001,224,33,3.3015151515151517
SMALL SINGLE FLAME CANDLE HOLDER,11.549999999999999,33,6,0.3499999999999999
SMALL SKULL WINDMILL,645.61,485,54,1.5116666666666665
SMALL SQUARE CUT GLASS CANDLESTICK,1106.54,187,51,6.9253846153846155
SMALL STRIPES CHOCOLATE GIFT BAG ,594.51,867,28,0.874642857142857
SMALL TAHITI BEACH BAG,18.6,4,1,4.65
SMALL TALL CAMPHOR WOOD TOADSTOOL,217.89,142,34,2.119705882352941
SMALL WHITE HEART OF WICKER,8438.539999999999,4716,629,1.7480124223602485
SMALL WHITE RETROSPOT MUG IN BOX ,1384.3,729,86,3.8707954545454544
SMALL WHITE/PINK ROSE ART FLOWER,120.07000000000001,107,9,1.2077777777777778
SMALL YELLOW BABUSHKA NOTEBOOK ,758.13,1010,217,0.9668036529680365
SMALL ZINC HEART WALL ORGANISER,5416.18,1541,45,5.675777777777777
SMALL ZINC/GLASS CANDLEHOLDER,78.92999999999999,53,8,1.8175
SMALLFOLKART BAUBLE CHRISTMAS DEC,361.81,688,41,1.430731707317073
SMOKEY GREY COLOUR D.O.F. GLASS,204.79,587,26,0.3522222222222222
SMOKEY GREY COLOUR GLASS,84.75999999999999,236,15,0.426
SNACK TRAY HAPPY FOREST  ,234.92,116,25,2.2116
SNACK TRAY I LOVE LONDON,358.75,169,35,2.6265714285714283
SNACK TRAY PAISLEY PARK,367.34999999999997,179,32,2.5823529411764703
SNACK TRAY RED GINGHAM,125.72,60,14,2.417142857142857
SNACK TRAY RED VINTAGE DOILY,400.03999999999996,198,37,2.4010526315789473
SNOWFLAKE PORTABLE TABLE LIGHT ,1557.65,529,127,3.042093023255814
SNOWSTORM PHOTO FRAME FRIDGE MAGNET,500.90999999999997,591,57,0.9998245614035087
SOAP DISH BROCANTE,2070.73,719,110,3.2954545454545454
SOFT PINK ROSE TOWEL ,952.83,273,124,3.4126612903225806
SOLDIERS EGG CUP ,10858.31,9073,418,1.4978199052132701
SOMBRERO ,5716.85,4415,61,1.812295081967213
SPACE BOY CHILDRENS CUP,145.76,131,6,1.4183333333333332
SPACE CADET BLACK,64.24,52,19,1.2942105263157895
SPACE CADET RED,159.7,131,33,1.1894117647058824
SPACE CADET WHITE,117.78,97,30,1.3816666666666668
SPACE FROG,233.52,174,56,1.5507142857142857
SPACE OWL,315.75,255,68,1.5561764705882353
SPACEBOY BEAKER,3112.34,2628,184,1.5186559139784948
SPACEBOY BIRTHDAY CARD,3387.5699999999997,8161,527,0.5244318181818182
SPACEBOY CHILDRENS BOWL,2890.3500000000004,2430,214,1.4357009345794394
SPACEBOY CHILDRENS CUP,2557.57,2050,216,1.5344239631336405
SPACEBOY CHILDRENS EGG CUP,1624.63,1204,186,1.544627659574468
SPACEBOY GIFT WRAP,2673.34,6527,208,0.41865384615384615
SPACEBOY LUNCH BOX ,25719.02,14249,900,2.193337016574586
SPACEBOY MINI BACKPACK,4697.54,1102,233,4.537829787234043
SPACEBOY MINI RUCKSACK,53.95,13,4,4.15
SPACEBOY ROCKET LOLLY MAKERS,1475.03,662,113,2.7042982456140354
SPACEBOY TV DINNER TRAY,1636.27,303,132,6.867651515151515
SPACEBOY WALL ART,885.9000000000001,306,13,3.582307692307692
SPOTS ON RED BOOKCOVER TAPE,6.72,16,5,0.42000000000000004
SPOTTED WHITE NATURAL SEED NECKLACE,72.0,72,7,1.0
SPOTTY BUNTING,42513.48,8320,1140,5.52396013864818
SPOTTY PINK DUCK DOORSTOP,1282.81,285,117,5.934786324786325
SPRIG LAVENDER ARTIFICIAL FLOWER,160.48,224,10,1.001
SQUARE CHERRY BLOSSOM CABINET,719.5500000000001,129,19,5.569047619047619
SQUARE FLOOR CUSHION VINTAGE RED,672.05,71,42,10.515714285714285
SQUARE METAL CANDLEHOLDER BASE,36.519999999999996,52,8,0.8099999999999999
SQUARE MINI PORTRAIT FRAME,556.17,277,52,2.273396226415094
SQUARECUSHION COVER PINK UNION FLAG,506.34000000000003,72,32,7.460625
SQUARECUSHION COVER PINK UNION JACK,581.23,173,42,7.178571428571429
ST GEORGE SET OF 10 PARTY LIGHTS,5.9,2,2,2.95
ST TROPEZ NECKLACE,224.12,45,35,4.9874285714285715
STANDING FAIRY POLE SUPPORT ,278.5,346,22,0.8322727272727272
STAR  T-LIGHT HOLDER ,270.22999999999996,158,29,2.007
STAR DECORATION PAINTED ZINC ,1233.91,4679,180,0.44655913978494627
STAR DECORATION RUSTIC,1133.61,2452,142,0.5784563758389262
STAR PORTABLE TABLE LIGHT ,887.6500000000001,299,49,3.8757142857142854
STAR T-LIGHT HOLDER WILLIE WINKIE,2004.9999999999998,1180,119,2.0156666666666667
STAR WOODEN CHRISTMAS DECORATION,2423.0,2684,221,1.121936936936937
STAR WREATH DECORATION WITH BELL,2138.42,1682,152,1.4865806451612902
STARFISH SOAP DISH,189.75,74,25,3.488076923076923
STARS GIFT TAPE ,725.4200000000001,1653,133,0.6445864661654136
STEEL SWEETHEART ROUND TABLE CREAM,699.63,41,24,18.561666666666664
STOOL HOME SWEET HOME ,2860.58,237,114,12.967478260869566
STOP FOR TEA WALL ART,2572.7,518,41,5.775853658536586
STORAGE TIN HOME SWEET HOME,621.44,275,56,3.0989285714285715
STORAGE TIN VINTAGE DOILEY ,23.13,7,2,4.34
STORAGE TIN VINTAGE DOILY ,3704.78,1272,190,3.4103125
STORAGE TIN VINTAGE LEAF,2003.1000000000001,772,104,2.9224770642201836
STRAWBERRIES  DESIGN FLANNEL ,373.34,358,105,1.3124528301886793
STRAWBERRY   PICNIC BAG,4898.849999999999,1707,251,3.405555555555556
STRAWBERRY BATH SPONGE ,1745.43,1232,228,1.7937554585152837
STRAWBERRY CERAMIC TRINKET BOX,14117.58,10473,706,1.6572816901408451
STRAWBERRY CERAMIC TRINKET POT,2131.2200000000003,1369,125,1.7832539682539683
STRAWBERRY CHARLOTTE BAG,12548.15,9793,722,1.2022176308539945
STRAWBERRY DREAM CHILDS UMBRELLA,270.56,80,35,3.5517142857142856
STRAWBERRY FAIRY CAKE TEAPOT,4132.88,795,200,6.036470588235295
STRAWBERRY HONEYCOMB  GARLAND ,1610.9199999999998,1290,109,1.9194594594594594
STRAWBERRY LUNCH BOX WITH CUTLERY,9735.38,3933,573,3.130447504302926
STRAWBERRY RAFFIA FOOD COVER,2220.59,639,163,3.6676073619631904
STRAWBERRY SHOPPER BAG,3561.98,2855,412,1.6730215827338129
STRAWBRY SCENTED VOTIVE CANDLE,267.45,1101,24,0.26666666666666666
"STRING OF 8 BUTTERFLIES,PINK",41.24999999999999,25,6,1.65
STRING OF STARS CARD HOLDER,250.22000000000003,78,15,3.5340000000000003
STRIPES DESIGN MONKEY DOLL,118.72999999999999,39,22,3.4263636363636363
STRIPES DESIGN TEDDY,142.79999999999998,56,30,2.55
STRIPEY CHOCOLATE NESTING BOXES,1061.41,355,110,3.314363636363636
STRIPY DESIGN SHOWER CAP,70.57,197,15,0.6739999999999999
SUKI  SHOULDER BAG,6298.61,3393,530,2.336911487758945
SUMMER BUTTERFLIES BAG CHARM,134.53,54,31,2.485483870967742
SUMMER DAISIES BAG CHARM,417.96,167,88,2.4803409090909088
SUMMER FUN DESIGN SHOWER CAP,116.32999999999998,325,18,0.5566666666666666
SUNFLOWER DECORATIVE PARASOL,895.46,125,42,10.163571428571428
SUNJAR LED NIGHT NIGHT LIGHT,48.39,3,2,16.13
SUNSET CHECK HAMMOCK,1657.42,192,62,10.798870967741935
SUNSET COLOUR CHUNKY KNITTED THROW,720.93,60,39,11.514871794871794
SWALLOW SQUARE TISSUE BOX,732.39,1596,145,0.6958169934640523
SWALLOW WOODEN CHRISTMAS DECORATION,1414.4599999999998,1538,173,1.0933333333333333
SWALLOWS GREETING CARD,2237.89,5527,274,0.4638181818181818
SWEET HEART CAKE CARRIER,795.5799999999999,80,44,10.365454545454545
SWEET PUDDING STICKER SHEET,95.52999999999999,98,36,1.1297222222222223
SWEETHEART 3 TIER CAKE STAND ,3371.58,284,158,12.072264150943397
SWEETHEART BIRD HOUSE,3041.21,847,94,4.551500000000001
SWEETHEART CAKESTAND 3 TIER,9687.3,958,377,11.18424403183024
SWEETHEART CARRY-ALL BASKET,76.44,6,6,12.74
SWEETHEART CERAMIC TRINKET BOX,7617.280000000001,6054,509,1.5708023483365947
SWEETHEART CREAM STEEL TABLE RECT,618.66,27,21,23.759999999999998
SWEETHEART RECIPE BOOK STAND,8571.25,1211,368,8.111132075471698
SWEETHEART WALL TIDY ,1007.0799999999999,108,43,9.900930232558139
SWEETHEART WIRE FRUIT BOWL,1623.08,207,89,8.717191011235956
SWEETHEART WIRE MAGAZINE RACK,2784.9,326,182,9.025934065934067
SWEETHEART WIRE WALL TIDY,2295.43,227,109,10.87275229357798
SWEETIES  STICKERS,277.24,301,50,1.1344
SWIRLY CIRCULAR RUBBERS IN BAG,178.97,472,59,0.5913559322033899
SWISS CHALET TREE DECORATION ,598.8199999999999,1385,119,0.6728455284552844
SWISS ROLL TOWEL PINK  SPOTS,1913.6899999999998,706,39,3.641282051282051
"SWISS ROLL TOWEL, CHOCOLATE  SPOTS",1651.02,900,94,2.9389473684210525
"SWISS ROLL TOWEL, PINK  SPOTS",971.44,653,43,2.4974418604651163
T-LIGHT GLASS FLUTED ANTIQUE,9873.880000000001,7955,345,1.5130057803468209
T-LIGHT HOLDER HANGING LACE,831.26,839,82,1.318170731707317
T-LIGHT HOLDER HANGING LOVE BIRD,2032.77,542,101,3.961287128712871
T-LIGHT HOLDER SILVER HEART HANDLE,399.71,199,28,2.3906896551724137
T-LIGHT HOLDER SILVER PETIT FOUR ,232.42000000000002,184,16,1.325625
T-LIGHT HOLDER SILVER SAUCER,42.919999999999995,44,8,1.3299999999999998
T-LIGHT HOLDER SWEETHEART HANGING,1657.02,844,138,2.159928057553957
T-LIGHT HOLDER WHITE LACE,512.93,588,68,1.1177941176470587
TABLE LAMP WHITE SHADE WOOD BASE,434.12,78,20,6.554
TABLECLOTH RED APPLES DESIGN ,3027.3799999999997,305,122,10.172682926829268
TALL ROCOCO CANDLE HOLDER,770.59,93,20,9.6295
TEA BAG PLATE RED RETROSPOT,3583.29,4084,358,1.0849861495844875
TEA COSY BLUE STRIPE,877.38,250,105,4.214476190476191
TEA COSY RED  STRIPE,1091.05,369,121,3.744262295081967
TEA FOR ONE POLKADOT,2108.18,420,168,5.823214285714285
TEA PARTY  WRAPPING PAPER ,929.0,2250,75,0.4189333333333333
TEA PARTY BIRTHDAY CARD,1873.71,4368,362,0.5336263736263736
TEA TIME BREAKFAST BASKET,2.1,1,1,2.1
TEA TIME DES TEA COSY,1116.72,388,110,3.303
TEA TIME KITCHEN APRON,3414.5000000000005,602,133,6.340522388059702
TEA TIME OVEN GLOVE,2927.55,2180,315,1.6214511041009463
TEA TIME PARTY BUNTING,12926.42,2578,467,6.160726495726495
TEA TIME TABLE CLOTH,1769.25,187,33,12.030000000000001
TEA TIME TEA SET IN GIFT BOX,906.83,133,49,6.676530612244897
TEA TIME TEA TOWELS ,6045.0,2600,2,2.325
TEA TIME TEAPOT IN GIFT BOX,2360.68,380,113,7.21141592920354
TEAL/FUSCHIA COL BEAD NECKLACE,94.43,19,13,4.979230769230769
TEATIME FUNKY FLOWER BACKPACK FOR 2,732.2299999999999,66,53,11.164716981132074
TEATIME GEL PENS ASST,82.08,504,5,0.24
TEATIME PEN CASE & PENS,55.25,65,14,0.85
TEATIME PUSH DOWN RUBBER,115.3,479,13,0.5892307692307692
TEATIME ROUND PENCIL SHARPENER ,205.29999999999998,1460,67,0.3280882352941176
THE KING GIFT BAG,13.0,20,8,0.65
THE KING GIFT BAG 25x24x12cm,11.76,28,8,0.42
THREE CANVAS LUGGAGE TAGS,243.49,150,48,1.8197916666666665
THREE MINI HANGING FRAMES,610.0,142,50,4.540566037735849
TIGRIS EYE CHUNKY CHARM BRACELET,210.04,23,20,9.1395
TINY CRYSTAL BRACELET BLUE,12.52,5,5,2.504
TINY CRYSTAL BRACELET GREEN,25.279999999999998,10,5,2.506
TINY CRYSTAL BRACELET RED,2.48,1,1,2.48
TOADSTOOL BEDSIDE LIGHT ,2207.5499999999997,249,105,8.936792452830188
TOADSTOOL MONEY BOX,2549.11,817,184,3.657795698924731
TOAST ITS - BEST MUM,1007.71,799,95,1.5822105263157895
TOAST ITS - DINOSAUR,23.75,19,10,1.25
TOAST ITS - FAIRY FLOWER,703.3,642,151,1.219078947368421
TOAST ITS - HAPPY BIRTHDAY,493.29,411,108,1.1811111111111112
TOAST ITS - I LOVE YOU ,992.58,789,120,1.3647967479674796
TOILET METAL SIGN,2155.8900000000003,3883,405,0.7287931034482759
TOILET SIGN OCCUPIED OR VACANT,3688.2099999999996,3741,433,1.5304347826086955
TOMATO CHARLIE+LOLA COASTER SET,905.55,512,88,2.508522727272727
TOOL BOX SOFT TOY ,1764.6399999999999,178,105,10.455428571428572
TOOTHPASTE TUBE PEN,776.1,1273,205,1.0353846153846153
TOP SECRET PEN SET,57.5,46,10,1.25
TOTE BAG I LOVE LONDON,2633.28,1288,136,2.6674264705882353
TOXIC AREA  DOOR HANGER ,792.98,1462,162,0.9853658536585366
TOY TIDY DOLLY GIRL DESIGN,1472.85,713,162,2.869320987654321
TOY TIDY PINK POLKADOT,7433.74,3439,469,3.0202536997885834
TOY TIDY SPACEBOY  ,2815.46,1312,285,2.6916433566433566
TOYBOX  WRAP ,288.92,726,23,0.4165217391304348
TRADITIONAL CHRISTMAS RIBBONS,4655.2,3245,359,1.6685439560439561
TRADITIONAL KNITTING NANCY,10053.65,6148,609,1.8817932148626817
TRADITIONAL MODELLING CLAY,9572.32,8144,389,1.4223907455012852
TRADITIONAL NAUGHTS & CROSSES,6406.91,2841,257,1.8921374045801527
TRADITIONAL PICK UP STICKS GAME ,4931.87,2772,276,1.431118881118881
TRADITIONAL WOODEN CATCH CUP GAME ,4317.16,3192,412,1.6051196172248803
TRADITIONAL WOODEN SKIPPING ROPE,10504.85,8130,425,1.592523148148148
TRADTIONAL ALPHABET STAMP SET,4717.66,954,192,5.3034693877551025
TRANQUILITY MASALA INCENSE,42.0,200,7,0.21
TRANSPARENT ACRYLIC TAPE DISPENSER,42.58,40,17,1.3088235294117647
TRAVEL CARD WALLET FLOWER MEADOW,762.75,1758,173,0.5191907514450866
TRAVEL CARD WALLET I LOVE LONDON,2126.55,4733,241,0.5217213114754098
TRAVEL CARD WALLET KEEP CALM,5262.82,12366,534,0.49730483271375464
TRAVEL CARD WALLET PANTRY,903.16,2002,221,0.6030357142857142
TRAVEL CARD WALLET RETRO PETALS,674.11,1544,105,0.4817592592592593
TRAVEL CARD WALLET RETROSPOT,956.94,2194,218,0.5283105022831049
TRAVEL CARD WALLET SKULLS,914.37,2119,192,0.5232474226804124
TRAVEL CARD WALLET SUKI,1058.64,2381,266,0.5419402985074626
TRAVEL CARD WALLET TRANSPORT,1368.28,3169,278,0.5197132616487455
TRAVEL CARD WALLET UNION JACK,1094.93,2545,222,0.49327354260089684
TRAVEL CARD WALLET VINTAGE LEAF,578.48,1350,117,0.48307692307692307
TRAVEL CARD WALLET VINTAGE ROSE ,226.2,542,53,0.41888888888888887
TRAVEL CARD WALLET VINTAGE TICKET,2094.93,4801,408,0.5296385542168675
TRAVEL SEWING KIT,8612.07,5091,467,1.9708723404255317
"TRAY, BREAKFAST IN BED",3491.8599999999997,275,80,14.710749999999999
TREASURE AHOY WALL ART,833.46,270,16,3.585
TREASURE ISLAND BOOK BOX,5521.29,2532,267,2.702074074074074
TREASURE TIN BUFFALO BILL ,3024.63,1470,214,2.2825345622119815
TREASURE TIN GYMKHANA DESIGN,4669.55,2165,363,2.4851092896174864
TREE T-LIGHT HOLDER WILLIE WINKIE,562.2199999999999,364,44,1.916818181818182
TRIANGULAR POUFFE VINTAGE ,1161.65,63,33,21.74878787878788
TRIPLE HOOK ANTIQUE IVORY ROSE,2645.26,798,227,3.5144155844155844
TRIPLE PHOTO FRAME CORNICE ,7173.549999999999,774,218,10.27288990825688
TRIPLE WIRE HOOK IVORY HEART,766.1,182,52,4.535769230769231
TRIPLE WIRE HOOK PINK HEART,272.91,79,25,4.2404
TROPICAL  HONEYCOMB PAPER GARLAND ,2987.82,1240,101,3.166153846153846
TROPICAL HOLIDAY PURSE ,81.66,32,18,2.5416666666666665
TROPICAL LUGGAGE TAG,105.91,73,33,1.720909090909091
TROPICAL PASSPORT COVER ,439.65,262,99,2.136767676767677
TUB 24 PINK FLOWER PEGS,271.03999999999996,164,58,1.6734482758620688
TUMBLER BAROQUE,266.19,525,40,0.9255000000000001
TUMBLER NEW ENGLAND,551.1899999999999,1261,53,1.408867924528302
"TUMBLER, BAROQUE",84.03999999999999,56,7,4.595714285714286
"TUMBLER, NEW ENGLAND",182.29999999999998,142,14,3.643571428571429
TURQ ICE CREAM BUM BAG ,63.209999999999994,19,8,4.08125
TURQ PENDANT TRIPLE SHELL NECKLACE,52.31,10,8,5.3012500000000005
TURQ STONE/CRYSTAL EARRINGS,113.97,39,31,2.9183870967741936
TURQ+RED BOUDICCA LARGE BRACELET,377.04,54,26,7.003076923076923
TURQUOISE BERTIE GLASS BEAD CHARM,69.85,77,7,1.4785714285714284
TURQUOISE CHRISTMAS TREE ,6.25,5,4,1.25
TURQUOISE CRYSTAL+GLASS BRACELET,119.23,24,11,4.986363636363636
TURQUOISE GLASS TASSLE BAG CHARM ,121.38000000000001,57,20,2.035
TURQUOISE HEART OF GLASS BRACELET,53.42,9,5,5.924
TUSCAN VILLA BIRD FEEDER,148.63,17,9,9.181111111111111
TUSCAN VILLA BIRD TABLE ,156.75,19,11,8.25
TUSCAN VILLA DOVECOTE,99.0,12,4,8.25
TUSCAN VILLA DOVECOTE BIRD FEEDER,399.03,43,23,10.403478260869566
TUSCAN VILLA FEEDING STATION,99.0,12,7,8.25
TV DINNER TRAY AIR HOSTESS ,1502.02,419,105,5.730857142857143
TV DINNER TRAY DOLLY GIRL,1527.01,320,107,6.182429906542056
TV DINNER TRAY VINTAGE PAISLEY,1623.04,503,112,5.063124999999999
TWO DOOR CURIO CABINET,2577.45,212,83,12.538554216867471
UBO-LIGHT TRIOBASE BLUE,3.4,4,2,0.85
UBO-LIGHT TRIOBASE PURPLE,4.25,5,3,0.85
UNION FLAG WINDSOCK,426.94,387,22,1.345
UNION JACK FLAG LUGGAGE TAG,1292.38,747,193,1.9597938144329896
UNION JACK FLAG PASSPORT COVER ,2041.69,828,184,2.863763440860215
UNION JACK HOT WATER BOTTLE ,139.86,13,3,10.453333333333333
UNION STRIPE CUSHION COVER ,503.75,403,65,1.25
UNION STRIPE WITH FRINGE  HAMMOCK,6944.360000000001,898,208,9.187081339712918
URBAN BLACK RIBBONS ,869.1,848,184,1.0584491978609627
UTILTY CABINET WITH HOOKS,2610.29,131,6,21.771666666666665
VANILLA INCENSE 40 CONES IN TIN,36.25,29,12,1.25
VANILLA INCENSE IN TIN,920.67,2084,95,0.7027272727272726
VANILLA SCENT CANDLE JEWELLED BOX,2696.48,1396,106,4.566851851851852
VEGETABLE GARDEN CHOPPING BOARD,382.44,76,22,6.240909090909091
VEGETABLE MAGNETIC  SHOPPING LIST,49.8,36,3,1.3833333333333335
VICTORIAN  METAL POSTCARD SPRING,3206.0,2869,177,1.8941208791208792
VICTORIAN GLASS HANGING T-LIGHT,33146.82,24275,1037,1.6440249759846302
VICTORIAN SEWING BOX LARGE,7674.799999999999,532,163,17.17723926380368
VICTORIAN SEWING BOX MEDIUM,6901.42,688,261,11.262595419847328
VICTORIAN SEWING BOX SMALL ,7077.200000000001,1179,285,7.013789473684211
VICTORIAN SEWING KIT,2822.58,2518,140,1.3965248226950355
VILLAGE SHOW WALL ART,2072.42,386,18,5.735555555555556
VINTAGE  2 METER FOLDING RULER,3073.72,1844,181,1.8808196721311474
VINTAGE  2 METRE FOLDING RULER,3374.0499999999997,1627,152,1.9993506493506492
VINTAGE BEAD COSMETIC BAG ,156.85,57,35,2.699444444444444
VINTAGE BEAD NOTEBOOK,433.19,150,52,3.3453846153846154
VINTAGE BEAD PINK EVENING BAG,937.25,619,94,2.0357291666666666
VINTAGE BEAD PINK JEWEL BOX,17.0,4,3,4.25
VINTAGE BEAD PINK JEWEL STAND,4.95,1,1,4.95
VINTAGE BEAD PINK PURSE ,1066.6599999999999,979,128,1.466946564885496
VINTAGE BEAD PINK SCARF ,985.8399999999999,451,58,2.9
VINTAGE BEAD PINK SHADE ,16.25,13,2,1.25
VINTAGE BELLS GARLAND,2443.35,821,149,3.24283870967742
VINTAGE BILLBOARD DRINK ME MUG,1380.28,991,177,1.71072625698324
VINTAGE BILLBOARD LOVE/HATE MUG,1890.33,1638,198,1.669396984924623
VINTAGE BILLBOARD MUG ,1184.98,1106,107,1.6324074074074075
VINTAGE BILLBOARD TEA MUG,2250.52,1949,86,1.7434883720930232
VINTAGE BLUE KITCHEN CABINET,3685.0,26,20,146.75
VINTAGE BLUE TINSEL REEL,0.84,2,1,0.42
VINTAGE CARAVAN GIFT WRAP,273.0,650,27,0.42
VINTAGE CARAVAN GREETING CARD ,617.3199999999999,1452,137,0.575036496350365
VINTAGE CHRISTMAS BUNTING,15798.66,2990,401,5.548627450980392
VINTAGE CHRISTMAS CAKE FRILL,4034.08,2500,151,1.9589473684210525
VINTAGE CHRISTMAS GIFT BAG LARGE ,2182.39,1831,105,1.460952380952381
VINTAGE CHRISTMAS GIFT SACK,5964.150000000001,1423,214,4.452293577981651
VINTAGE CHRISTMAS PAPER GIFT BAG,1313.3899999999999,1608,100,0.9070999999999999
VINTAGE CHRISTMAS STOCKING ,6488.2,2390,344,2.9656772334293944
VINTAGE CHRISTMAS TABLECLOTH,5012.96,407,117,13.607881355932204
VINTAGE COFFEE GRINDER BOX,561.23,109,30,6.259333333333333
VINTAGE CREAM 3 BASKET CAKE STAND,4145.389999999999,409,153,11.102941176470589
VINTAGE CREAM CAT FOOD CONTAINER,5396.929999999999,802,316,7.846624605678234
VINTAGE CREAM DOG FOOD CONTAINER,9661.32,1003,416,10.829090909090908
VINTAGE DOILY DELUXE SEWING KIT ,5354.01,809,205,6.812864077669903
VINTAGE DOILY JUMBO BAG RED ,10206.41,4802,259,2.2147709923664123
VINTAGE DOILY TRAVEL SEWING KIT,8497.98,3964,415,2.156320754716981
VINTAGE DONKEY TAIL GAME ,6550.17,1815,252,4.252261904761904
VINTAGE EMBOSSED HEART,1257.68,955,113,1.5479646017699114
VINTAGE ENAMEL & CRYSTAL EARRINGS,134.70000000000002,27,18,5.008333333333334
VINTAGE ENAMEL & CRYSTAL NECKLACE,49.760000000000005,10,4,4.9925
VINTAGE ENGRAVED HEART,75.0,60,4,1.25
VINTAGE GLASS COFFEE CADDY,557.3000000000001,86,26,8.161538461538461
VINTAGE GLASS T-LIGHT HOLDER,1870.0299999999997,2237,149,0.9790131578947369
VINTAGE GLASS TEA CADDY,17.85,3,3,5.95
VINTAGE HEADS AND TAILS CARD GAME ,10504.4,7864,607,1.5057937806873976
VINTAGE JINGLE BELLS HEART,1897.76,228,78,8.462151898734177
VINTAGE JINGLE BELLS WREATH,635.38,76,28,8.549285714285714
VINTAGE KEEPSAKE BOX PARIS DAYS,686.86,112,56,6.938035714285715
VINTAGE KEEPSAKE BOX PINK FLOWER,85.13,19,15,4.426
VINTAGE KEEPSAKE BOX TRAVELOGUE,441.89,82,56,5.576964285714285
VINTAGE KID DOLLY CARD ,1041.94,2478,213,0.5551643192488263
VINTAGE KITCHEN PRINT FRUITS,266.15,85,29,3.9972413793103443
VINTAGE KITCHEN PRINT PUDDINGS,79.05,31,7,2.55
VINTAGE KITCHEN PRINT SEAFOOD,129.63,43,14,3.9771428571428564
VINTAGE KITCHEN PRINT VEGETABLES,165.75,65,12,2.55
VINTAGE LEAF CHOPPING BOARD  ,737.95,149,45,5.451333333333333
VINTAGE LEAF MAGNETIC NOTEPAD,2601.15,1707,274,1.822230215827338
VINTAGE NOTEBOOK BEAUTY GIRL,8.850000000000001,3,2,2.95
VINTAGE NOTEBOOK PARIS DAYS,298.27,107,24,3.1816666666666666
VINTAGE NOTEBOOK TRAVELOGUE,105.73,38,13,2.6350000000000002
VINTAGE PAISLEY STATIONERY SET,3510.72,1901,436,2.065475113122172
VINTAGE PHOTO ALBUM PARIS DAYS,50.8,8,3,6.349999999999999
VINTAGE PINK DECORATIVE PARASOL,489.74,88,24,8.200000000000001
VINTAGE POST OFFICE CABINET,607.6500000000001,11,2,66.36
VINTAGE RED ENAMEL TRIM JUG ,2231.61,595,136,4.0433088235294115
VINTAGE RED ENAMEL TRIM MUG ,2090.75,1700,119,1.4140336134453781
VINTAGE RED ENAMEL TRIM PLATE,1406.2999999999997,830,80,1.891
VINTAGE RED KITCHEN CABINET,8125.0,60,38,143.42105263157896
VINTAGE RED MUG,693.47,702,54,1.533148148148148
VINTAGE RED TEATIME MUG,504.15,317,76,1.7896103896103894
VINTAGE RED TRIM ENAMEL BOWL ,1501.03,1155,108,1.4721296296296298
VINTAGE ROSE BEAD BRACELET BLACK,152.4,36,17,4.214705882352941
VINTAGE ROSE BEAD BRACELET RASPBERR,315.73,75,44,4.195227272727273
VINTAGE SEASIDE JIGSAW PUZZLES,1565.83,398,148,4.369256756756757
VINTAGE SHELLS PRINT,427.46000000000004,50,32,9.839375
VINTAGE SNAKES & LADDERS,7047.7,1786,396,4.942045454545455
VINTAGE SNAP CARDS,12510.009999999998,14521,926,1.0157754010695188
VINTAGE UNION JACK APRON,2939.51,407,169,8.065411764705884
VINTAGE UNION JACK BUNTING,24525.83,2787,475,9.4460206185567
VINTAGE UNION JACK CUSHION COVER,1982.64,380,104,5.838846153846154
VINTAGE UNION JACK DOORSTOP,1331.5600000000002,216,95,6.6444329896907215
VINTAGE UNION JACK MEMOBOARD,22980.239999999998,3269,221,10.374389140271493
VINTAGE UNION JACK PENNANT,1584.8,794,99,2.2763999999999998
VINTAGE UNION JACK SHOPPING BAG,1077.03,225,46,5.553829787234043
VINTAGE WOODEN BAR STOOL,169.75,6,4,27.4625
VINTAGE ZINC PLANTER  ,120.08000000000001,32,11,4.366363636363636
VINTAGE ZINC WATERING CAN,139.39999999999998,13,8,11.206249999999999
VINTAGE ZINC WATERING CAN SMALL,99.2,18,8,6.2125
VINYL RECORD FRAME SILVER,5010.69,1339,113,4.564385964912281
VIP HOLIDAY PURSE,44.04,14,11,3.2436363636363637
VIP PASSPORT COVER ,94.04,43,17,2.375294117647059
VIPPASSPORT COVER ,209.66,142,34,2.421764705882353
WAKE UP COCKEREL CALENDAR SIGN ,348.59000000000003,81,33,4.996363636363636
WAKE UP COCKEREL TILE COASTER,210.51999999999998,604,35,0.6694285714285714
WAKE UP COCKEREL TILE HOOK,70.45,50,18,2.0805555555555557
"WALL ART , LOVES' SECRET ",47.6,8,2,5.95
"WALL ART , THE MAGIC FOREST ",13.9,2,1,6.95
"WALL ART ,PUDDINGS ",61.2,8,2,7.85
WALL ART 70'S ALPHABET ,2757.06,356,74,10.14864864864865
WALL ART ANIMALS AND NATURE ,504.59000000000003,153,31,4.163870967741936
WALL ART BICYCLE SAFETY,5954.15,845,173,7.849252873563218
WALL ART BICYCLE SAFTEY ,114.15,21,3,5.75
WALL ART BIG LOVE ,5538.26,976,112,7.661681415929204
WALL ART BUFFALO BILL ,1011.1000000000001,334,37,4.367837837837838
WALL ART CAT AND BIRD ,469.73,143,40,4.424
WALL ART CLASSIC PUDDINGS ,6762.71,864,150,9.736866666666666
WALL ART DOG AND BALL ,301.56,102,28,3.883571428571429
WALL ART DOG LICENCE ,3939.76,604,114,8.880260869565218
WALL ART DOLLY GIRL ,956.0500000000002,319,26,4.647307692307693
WALL ART GARDEN HAVEN ,998.64,215,36,6.166944444444445
WALL ART HORSE & PONY ,760.32,225,46,4.593478260869565
WALL ART I LOVE LONDON ,521.73,99,32,7.0649999999999995
WALL ART KEEP CALM ,4994.790000000001,967,83,8.668470588235293
WALL ART LOVES' SECRET ,1180.35,239,39,6.626250000000001
WALL ART MID CENTURY MODERN ,1015.78,164,20,7.523000000000001
WALL ART ONLY ONE PERSON ,4406.57,1050,86,5.584883720930232
WALL ART SPACEBOY,618.59,173,37,5.19972972972973
WALL ART STOP FOR TEA ,6036.2,869,219,7.867545454545455
WALL ART THE MAGIC FOREST ,933.16,148,13,8.537692307692309
WALL ART TREASURE AHOY ,340.35,90,25,4.158399999999999
WALL ART VILLAGE SHOW ,1369.71,240,67,7.079253731343283
WALL ART VINTAGE HEART,1329.54,331,32,5.7790625
WALL ART WORK REST AND PLAY  ,901.58,210,31,5.301612903225807
"WALL ART,ONLY ONE PERSON ",29.700000000000003,6,1,4.95
WALL MIRROR RECTANGLE DIAMANTE PINK,1614.4,207,87,12.049080459770115
WALL TIDY RETROSPOT ,3638.5699999999997,2283,293,3.022176870748299
WASH BAG VINTAGE ROSE PAISLEY,838.86,290,85,3.3250588235294116
WASHROOM METAL SIGN,4674.83,3012,364,1.657445652173913
WATERING CAN BLUE ELEPHANT,3998.7099999999996,2058,334,2.3188988095238097
WATERING CAN GARDEN MARKER,1967.9,1364,127,1.7803937007874016
WATERING CAN GREEN DINOSAUR,2667.5,1394,227,2.2754148471615716
WATERING CAN PINK BUNNY,3342.8199999999997,1716,277,2.247849462365591
WATERING CAN SINGLE HOOK PISTACHIO,3.36,1,1,3.36
WATERMELON BATH SPONGE,72.49,29,10,2.4899999999999998
WAY OUT METAL SIGN ,59.39999999999999,36,8,1.65
WEEKEND BAG VINTAGE ROSE PAISLEY,527.85,69,1,7.65
WELCOME  WOODEN BLOCK LETTERS,5247.09,523,188,10.999627659574466
WHEELBARROW FOR CHILDREN ,1720.26,125,79,14.447468354430379
WHITE  ROSEBUD PEARL BRACELET,140.98,38,15,5.290666666666667
WHITE 3 FRAME BIRDS AND TREE ,150.0,20,10,10.05
WHITE ALLIUM  ARTIFICIAL FLOWER,28.73,17,4,1.69
WHITE AND BLUE CERAMIC OIL BURNER,283.93,192,42,1.955952380952381
WHITE ANEMONE ARTIFICIAL FLOWER,3.38,2,1,1.69
WHITE BAMBOO RIBS LAMPSHADE,854.4599999999999,976,65,1.2015492957746479
WHITE BAROQUE WALL CLOCK ,559.0,66,32,11.20625
WHITE BEADED GARLAND STRING 20LIGHT,19.049999999999997,3,2,6.35
WHITE BELL HONEYCOMB PAPER ,1923.2899999999997,1092,88,2.4459340659340656
WHITE BELL HONEYCOMB PAPER GARLAND ,648.4499999999999,369,48,2.120408163265306
WHITE BIRD GARDEN DESIGN MUG,23.63,7,2,8.69
WHITE BROCANTE SOAP DISH,2070.9,706,121,3.319105691056911
WHITE CANDYSTUFT ARTIFICIAL FLOWER,411.55999999999995,308,20,1.387
WHITE CHRISTMAS FLOCK DROPLET ,32.51,25,2,1.88
WHITE CHRISTMAS GARLAND STARS TREES,830.03,225,65,3.7701515151515155
WHITE CHRISTMAS STAR DECORATION,189.0,438,30,0.4694117647058823
WHITE CHRISTMAS TREE 60CM,5.9,2,2,2.95
WHITE CHRYSANTHEMUMS ART FLOWER,115.50000000000001,55,8,2.1
WHITE DOVE HONEYCOMB PAPER GARLAND,6.72,2,1,3.36
WHITE ENAMEL FLOWER HAIR TIE,49.65,17,10,2.91
WHITE FRANGIPANI HAIR CLIP,8.5,10,1,0.85
WHITE FRANGIPANI NECKLACE,98.07,39,17,2.510588235294118
WHITE GLASS CHUNKY CHARM BRACELET,245.63,27,25,9.1012
WHITE GOOSE FEATHER CHRISTMAS TREE ,1233.21,332,78,4.546025641025642
WHITE GOOSE FEATHER TREE 60CM ,571.65,283,48,2.3625000000000003
WHITE HAND TOWEL WITH BUTTERFLY,466.3,184,27,3.976666666666667
WHITE HANGING BEADS CANDLE HOLDER,1239.5,238,47,5.3999999999999995
WHITE HANGING HEART T-LIGHT HOLDER,106236.72,37872,2256,3.2183340545218524
WHITE HEART CONFETTI IN TUBE,1006.8199999999999,1028,71,1.4450704225352111
WHITE HEART OF GLASS BRACELET,35.31,6,5,5.872
WHITE HEARTS WIRE PLANT POT HOLDER,963.27,343,71,3.2097183098591553
WHITE HONEYCOMB PAPER GARLAND ,888.67,355,72,2.5816438356164384
WHITE HYDRANGEA ART FLOWER,46.2,22,3,2.1
WHITE JEWELLED HEART DECORATION,1882.1499999999999,2146,162,1.1002958579881656
WHITE LOVEBIRD LANTERN,2764.0600000000004,834,164,3.735454545454546
WHITE METAL LANTERN,8037.7699999999995,1875,307,4.669299363057325
WHITE MOROCCAN METAL LANTERN,381.54999999999995,69,26,6.704615384615384
WHITE MURANO TWIST BRACELET,41.790000000000006,10,5,4.208
WHITE ROCKING HORSE HAND PAINTED,3551.53,2849,192,1.4668316831683168
WHITE ROSEBUD  PEARL EARRINGS,47.43,19,18,2.493888888888889
WHITE ROSEBUD & PEARL NECKLACE,52.72,7,5,7.516
WHITE SAGE INCENSE,337.14,1432,67,0.34253731343283583
WHITE SILVER NECKLACE SHELL GLASS,20.17,2,2,10.085
WHITE SKULL HOT WATER BOTTLE ,20582.2,3915,499,4.986313725490196
WHITE SOAP RACK WITH 2 BOTTLES,969.8000000000001,172,48,6.570816326530613
WHITE SPOT BLUE CERAMIC DRAWER KNOB,6041.2,4372,365,1.6842276422764229
WHITE SPOT RED CERAMIC DRAWER KNOB,6776.0,4992,409,1.6896626506024097
WHITE SQUARE TABLE CLOCK,172.75,105,21,2.889047619047619
WHITE STITCHED CUSHION COVER,412.23,57,22,7.2995652173913035
WHITE STITCHED WALL CLOCK,813.29,847,44,1.9481818181818182
WHITE STONE/CRYSTAL EARRINGS,17.5,6,6,2.9166666666666665
WHITE TALL PORCELAIN T-LIGHT HOLDER,1591.01,695,69,3.114782608695652
"WHITE TEA,COFFEE,SUGAR JARS",1134.5,622,59,2.090677966101695
WHITE TISSUE REAM,151.05,19,13,7.950000000000001
WHITE TRAVEL ALARM CLOCK,676.27,280,89,2.4769662921348314
WHITE VINT ART DECO CRYSTAL NECKLAC,102.0,12,8,8.5
WHITE VINTAGE CRYSTAL BRACELET,47.25,7,4,6.75
WHITE VINTAGE CRYSTAL EARRINGS,38.7,10,6,3.9500000000000006
WHITE WICKER STAR ,3146.78,1469,294,2.251291390728477
WHITE WIRE EGG HOLDER,2012.74,312,76,7.74987012987013
WHITE WIRE PLANT POT HOLDER,46.24,16,2,2.89
WHITE WITH BLACK CATS PLATE,33.18,78,3,0.5433333333333333
WHITE WITH METAL BAG CHARM,14.850000000000001,3,1,4.95
WHITE WOOD GARDEN PLANT LADDER,7909.28,784,429,10.87100233100233
WHITE/PINK CHICK DECORATION,301.26,252,20,1.685
WHITE/PINK CHICK EASTER DECORATION,35.48,36,10,1.0939999999999999
WHITE/PINK MINI CRYSTALS NECKLACE,52.42,10,7,5.367142857142857
WICKER STAR ,4251.72,1842,405,2.5493430656934306
WICKER WREATH LARGE,1452.55,729,151,2.3487179487179484
WICKER WREATH SMALL,1001.49,741,123,1.74696
WINE BOTTLE DRESSING DARK BLUE,12.969999999999999,52,12,0.43
WINE BOTTLE DRESSING LT.BLUE,3.0399999999999996,14,4,0.205
WIRE EGG BASKET ,872.38,113,44,8.26659090909091
WIRE FLOWER T-LIGHT HOLDER,1.25,1,1,1.25
WISE MAN STAR SHAPE EGG PAN,13.14,24,6,1.02
WOOD 2 DRAWER CABINET WHITE FINISH,15123.92,2386,543,6.952326007326008
WOOD AND GLASS MEDICINE CABINET,299.5,10,10,29.95
WOOD BLACK BOARD ANT WHITE FINISH,35966.92,6012,685,8.440540145985402
WOOD S/3 CABINET ANT WHITE FINISH,11885.98,1402,403,9.038246913580247
WOOD STAMP SET BEST WISHES,958.04,1017,187,1.130362694300518
WOOD STAMP SET FLOWERS,1122.3899999999999,1008,196,1.2908457711442785
WOOD STAMP SET HAPPY BIRTHDAY,964.2199999999999,945,173,1.2049425287356321
WOOD STAMP SET THANK YOU,1571.4899999999998,1509,280,1.277937062937063
WOOD STOCKING CHRISTMAS SCANDISPOT,1137.28,1569,177,0.8756043956043955
WOODEN ADVENT CALENDAR CREAM,7030.22,453,137,18.158260869565215
WOODEN ADVENT CALENDAR RED,8714.24,746,137,13.112481751824818
WOODEN BOX ADVENT CALENDAR ,89.5,10,5,8.95
WOODEN BOX OF DOMINOES,8847.29,6390,587,1.5789816360601001
WOODEN CROQUET GARDEN SET,11276.21,782,299,16.2249
WOODEN FRAME ANTIQUE WHITE ,21811.09,6999,971,3.577085889570552
WOODEN HAPPY BIRTHDAY GARLAND,6307.51,2165,290,3.49
WOODEN HEART CHRISTMAS SCANDINAVIAN,4075.3599999999997,10608,538,0.4979783393501805
WOODEN OWLS LIGHT GARLAND ,5789.85,1537,149,4.183509933774834
WOODEN PICTURE FRAME WHITE FINISH,23057.06,8986,1100,3.1030650994575044
WOODEN REGATTA BUNTING,2116.04,333,150,6.843999999999999
WOODEN ROUNDERS GARDEN SET ,12531.57,1327,358,10.739052924791086
WOODEN SCHOOL COLOURING SET,9741.57,5883,433,1.777737556561086
WOODEN SKITTLES GARDEN SET,4638.46,313,142,16.473846153846154
WOODEN STAR CHRISTMAS SCANDINAVIAN,3876.5399999999995,10460,512,0.46971698113207544
WOODEN TREE CHRISTMAS SCANDINAVIAN,1988.0199999999998,5167,338,0.5163896848137536
WOODEN UNION JACK BUNTING,12792.25,2091,407,6.789317073170731
WOODLAND  HEIGHT CHART STICKERS ,2160.0,724,119,3.8703361344537814
WOODLAND  STICKERS,786.31,868,103,1.2149514563106796
WOODLAND BUNNIES LOLLY MAKERS,1482.41,649,124,2.8688709677419357
WOODLAND CHARLOTTE BAG,16744.45,13290,833,1.2108571428571429
WOODLAND DESIGN  COTTON TOTE BAG,1657.76,746,127,2.5840944881889762
WOODLAND LARGE BLUE FELT HEART,123.47,92,13,1.7153846153846155
WOODLAND LARGE PINK FELT HEART,324.40000000000003,285,13,1.5130769230769232
WOODLAND LARGE RED FELT HEART,264.72,205,22,1.4700000000000002
WOODLAND MINI BACKPACK,3411.34,816,152,4.640657894736842
WOODLAND MINI RUCKSACK ,20.75,5,2,4.15
WOODLAND PARTY BAG + STICKER SET,2975.14,1840,183,2.0058469945355193
WOODLAND SMALL BLUE FELT HEART,270.96,312,37,1.0405263157894737
WOODLAND SMALL PINK FELT HEART,242.17999999999998,286,31,0.959032258064516
WOODLAND SMALL RED FELT HEART,552.02,678,51,0.9533333333333333
WOODLAND STORAGE BOX LARGE ,1401.02,346,70,5.450571428571429
WOODLAND STORAGE BOX SMALL,624.58,256,46,3.8434042553191494
WORLD WAR 2 GLIDERS ASSTD DESIGNS,13814.009999999998,54951,535,0.3207276119402985
WOVEN BERRIES CUSHION COVER ,683.8,162,89,4.210898876404494
WOVEN BUBBLE GUM CUSHION COVER,672.6,160,71,4.202676056338028
WOVEN CANDY CUSHION COVER ,292.56,68,39,4.2412820512820515
WOVEN FROST CUSHION COVER,492.79,117,59,4.221525423728814
WOVEN ROSE GARDEN CUSHION COVER ,912.03,217,90,4.205555555555556
WOVEN SUNSET CUSHION COVER ,378.29,89,37,4.200810810810811
WRAP  PINK FLOCK,10.5,25,1,0.42
WRAP  VINTAGE DOILEY ,42.0,100,2,0.42
WRAP  VINTAGE DOILY ,1039.08,2474,94,0.42
WRAP 50'S  CHRISTMAS,1892.46,4563,149,0.41919999999999996
WRAP A PRETTY THANK YOU,21.0,50,2,0.42
WRAP ALPHABET DESIGN,3217.92,7976,235,0.41736170212765955
WRAP ALPHABET POSTER  ,763.1,1855,64,0.41875
WRAP BAD HAIR DAY,70.0,700,22,0.1
WRAP BILLBOARD FONTS DESIGN,769.02,1831,64,0.42
WRAP BIRD GARDEN ,548.1,1305,52,0.42
WRAP BLUE RUSSIAN FOLKART,10.5,25,1,0.42
WRAP CAROUSEL,157.5,375,14,0.42
WRAP CHRISTMAS SCREEN PRINT,291.5,1050,33,0.2736363636363636
WRAP CHRISTMAS VILLAGE,2014.42,4901,142,0.4184507042253521
WRAP CIRCUS PARADE,1202.84,2902,103,0.4192233009708738
WRAP COWBOYS  ,847.94,2057,71,0.4188732394366197
WRAP DAISY CARPET ,277.2,660,25,0.42
WRAP DOILEY DESIGN,1927.26,4703,164,0.41853658536585364
WRAP DOLLY GIRL,1160.0,2800,100,0.4192
WRAP ENGLISH ROSE ,2980.42,7201,248,0.41943548387096774
WRAP FLOWER SHOP  ,661.5,1575,62,0.42
WRAP FOLK ART,84.0,200,8,0.42
WRAP GINGHAM ROSE ,943.92,2276,82,0.41926829268292676
WRAP GREEN PEARS ,790.86,1883,77,0.41999999999999993
WRAP GREEN RUSSIAN FOLKART ,21.0,50,2,0.42
WRAP I LOVE LONDON ,1774.42,4501,104,0.4163461538461538
WRAP KEEP CALM BIRTHDAY,460.5,1125,36,0.4183333333333333
WRAP MAGIC FOREST ,451.5,1075,43,0.42
WRAP MONSTER FUN ,527.94,1257,49,0.42
WRAP PAISLEY PARK ,1365.0,3250,120,0.42
WRAP PINK FAIRY CAKES ,2331.0,5800,167,0.4168862275449102
WRAP POPPIES  DESIGN,2105.5,5175,158,0.41861635220125787
WRAP RED APPLES ,2158.26,5253,174,0.41908045977011493
WRAP RED DOILEY,159.6,380,16,0.42
WRAP RED VINTAGE DOILY,866.0,2100,68,0.41884057971014493
WRAP SUKI AND FRIENDS,1687.5,4075,134,0.41955223880597015
WRAP SUMMER ROSE DESIGN,42.84,102,5,0.42000000000000004
WRAP VINTAGE LEAF DESIGN,2109.42,5251,134,0.4173333333333333
WRAP VINTAGE PETALS  DESIGN,1327.5,3275,104,0.4176923076923077
WRAP WEDDING DAY,528.5,1325,39,0.41641025641025636
"WRAP, BILLBOARD FONTS DESIGN",731.42,1951,35,0.4154285714285714
"WRAP, CAROUSEL",42.0,100,4,0.42
YELLOW BREAKFAST CUP AND SAUCER,66.35000000000001,53,18,2.036666666666667
YELLOW COAT RACK PARIS FASHION,1342.39,287,100,5.285841584158416
YELLOW DRAGONFLY HELICOPTER,151.05,19,8,7.95
YELLOW EASTER EGG HUNT START POST,150.38,76,19,2.064736842105263
YELLOW FELT HANGING HEART W FLOWER,67.39,87,29,0.7927586206896551
YELLOW FLOWERS FELT HANDBAG KIT,98.63000000000001,46,19,2.2068421052631577
YELLOW GIANT GARDEN THERMOMETER,1993.75,288,115,7.784695652173913
YELLOW METAL CHICKEN HEART ,1079.67,721,91,2.0770652173913042
YELLOW PINK FLOWER DESIGN BIG BOWL,10.92,28,3,0.38999999999999996
YELLOW POT PLANT CANDLE,71.05,23,9,3.127777777777778
YELLOW SHARK HELICOPTER,572.41,71,53,8.04925925925926
YELLOW/BLUE RETRO RADIO,47.2,16,7,2.95
YELLOW/ORANGE FLOWER DESIGN PLATE,19.72,68,2,0.29
YELLOW/PINK CERAMIC CANDLE HOLDER,19.81,6,4,3.3075
YELLOW/PINK FLOWER DESIGN BIG MUG,14.43,33,14,0.494
YOU'RE CONFUSING ME METAL SIGN ,7301.7699999999995,4413,450,2.245964912280702
YULETIDE IMAGES GIFT WRAP SET,561.34,687,93,1.1588297872340425
YULETIDE IMAGES S/6 PAPER BOXES,30.599999999999998,12,7,2.55
ZINC  HEART T-LIGHT HOLDER,1090.66,868,69,1.5915942028985506
ZINC  STAR T-LIGHT HOLDER ,1441.43,1217,46,1.5256521739130435
ZINC BOX SIGN HOME,1378.75,141,64,10.073749999999999
ZINC FINISH 15CM PLANTER POTS,748.34,601,57,1.4157894736842105
ZINC FOLKART SLEIGH BELLS,9512.73,5050,456,2.4164301075268813
ZINC HEART FLOWER T-LIGHT HOLDER,1033.28,795,79,1.627594936708861
ZINC HEART LATTICE 2 WALL PLANTER,120.64999999999999,19,11,6.35
ZINC HEART LATTICE CHARGER LARGE,217.57999999999998,52,18,4.592222222222222
ZINC HEART LATTICE CHARGER SMALL,61.95,21,8,2.95
ZINC HEART LATTICE T-LIGHT HOLDER,957.32,716,88,1.6134831460674157
ZINC HEART LATTICE TRAY OVAL ,53.550000000000004,9,7,5.95
ZINC HEARTS PLANT POT HOLDER,792.47,283,52,2.9438461538461542
ZINC HERB GARDEN CONTAINER,3516.64,556,204,6.744
ZINC METAL HEART DECORATION,7418.07,5937,535,1.3647155963302753
ZINC PLANT POT HOLDER,23.12,8,1,2.89
ZINC STAR T-LIGHT HOLDER ,10.0,8,1,1.25
ZINC SWEETHEART SOAP DISH,114.33000000000001,61,21,2.2395238095238095
ZINC SWEETHEART WIRE LETTER RACK,1020.69,263,90,4.236666666666666
ZINC T-LIGHT HOLDER STAR LARGE,1956.6799999999998,2060,167,1.0807142857142857
ZINC T-LIGHT HOLDER STARS LARGE,22.799999999999997,24,2,0.95
ZINC T-LIGHT HOLDER STARS SMALL,4197.83,5089,274,0.9436727272727272
ZINC TOP  2 DOOR WOODEN SHELF ,270.08,13,12,21.094166666666666
ZINC WILLIE WINKIE  CANDLE STICK,2712.7,2933,268,1.0908487084870848
ZINC WIRE KITCHEN ORGANISER,239.97,30,16,9.929375
ZINC WIRE SWEETHEART LETTER TRAY,275.62,83,23,3.9765217391304346
